AssetId,Faction,VoiceId,EventTag,CandidateId,OutputFile,DurationSeconds,SampleRate,BitDepth,LUFS,PeakDb,Status,QC_Notes
VO_EVA_CH_INFANTRY_READY_03,Chrono,,03,,Content/RA4/Audio/EVA/Processed/Chrono/VO_EVA_CH_INFANTRY_READY_03.wav,3.669,48000,24,-18.5,-1.92,PASS,
VO_EVA_CH_FACTION_ABILITY_ACTIVATED_03,Chrono,,03,,Content/RA4/Audio/EVA/Processed/Chrono/VO_EVA_CH_FACTION_ABILITY_ACTIVATED_03.wav,3.449,48000,24,-18.43,-1.92,PASS,
VO_EVA_CH_RESOURCES_DEPLETED_03,Chrono,,03,,Content/RA4/Audio/EVA/Processed/Chrono/VO_EVA_CH_RESOURCES_DEPLETED_03.wav,3.746,48000,24,-18.49,-1.92,PASS,
VO_EVA_CH_CONSTRUCTION_COMPLETE_04,Chrono,,04,,Content/RA4/Audio/EVA/Processed/Chrono/VO_EVA_CH_CONSTRUCTION_COMPLETE_04.wav,2.379,48000,24,-18.53,-1.92,PASS,
VO_EVA_CH_RESOURCES_DEPLETED_02,Chrono,,02,,Content/RA4/Audio/EVA/Processed/Chrono/VO_EVA_CH_RESOURCES_DEPLETED_02.wav,3.379,48000,24,-18.43,-1.92,PASS,
VO_EVA_CH_OWN_SUPERWEAPON_FIRED_01,Chrono,,01,,Content/RA4/Audio/EVA/Processed/Chrono/VO_EVA_CH_OWN_SUPERWEAPON_FIRED_01.wav,3.803,48000,24,-18.41,-1.92,PASS,
VO_EVA_CH_FACTION_ABILITY_ACTIVATED_02,Chrono,,02,,Content/RA4/Audio/EVA/Processed/Chrono/VO_EVA_CH_FACTION_ABILITY_ACTIVATED_02.wav,2.791,48000,24,-18.19,-1.92,PASS,
VO_EVA_CH_INFANTRY_READY_02,Chrono,,02,,Content/RA4/Audio/EVA/Processed/Chrono/VO_EVA_CH_INFANTRY_READY_02.wav,4.004,48000,24,-18.35,-1.92,PASS,
VO_EVA_CH_RESOURCES_DEPLETED_01,Chrono,,01,,Content/RA4/Audio/EVA/Processed/Chrono/VO_EVA_CH_RESOURCES_DEPLETED_01.wav,4.017,48000,24,-18.4,-1.92,PASS,
VO_Chrono_EVA_GameStart,Chrono,,GameStart,,Content/RA4/Audio/EVA/Processed/Chrono/VO_Chrono_EVA_GameStart.wav,4.836,48000,24,-18.42,-1.92,PASS,
VO_EVA_CH_OWN_SUPERWEAPON_FIRED_02,Chrono,,02,,Content/RA4/Audio/EVA/Processed/Chrono/VO_EVA_CH_OWN_SUPERWEAPON_FIRED_02.wav,3.83,48000,24,-18.38,-1.92,PASS,
VO_EVA_CH_FACTION_ABILITY_ACTIVATED_01,Chrono,,01,,Content/RA4/Audio/EVA/Processed/Chrono/VO_EVA_CH_FACTION_ABILITY_ACTIVATED_01.wav,3.03,48000,24,-18.52,-1.92,PASS,
VO_EVA_CH_INFANTRY_READY_01,Chrono,,01,,Content/RA4/Audio/EVA/Processed/Chrono/VO_EVA_CH_INFANTRY_READY_01.wav,3.694,48000,24,-18.4,-1.92,PASS,
VO_EVA_CH_CONSTRUCTION_COMPLETE_02,Chrono,,02,,Content/RA4/Audio/EVA/Processed/Chrono/VO_EVA_CH_CONSTRUCTION_COMPLETE_02.wav,2.681,48000,24,-18.44,-1.92,PASS,
VO_EVA_CH_CONSTRUCTION_CANCELLED_01,Chrono,,01,,Content/RA4/Audio/EVA/Processed/Chrono/VO_EVA_CH_CONSTRUCTION_CANCELLED_01.wav,2.804,48000,24,-18.37,-1.92,PASS,
VO_EVA_CH_MOBILE_COMMAND_UNIT_DESTROYED_02,Chrono,,02,,Content/RA4/Audio/EVA/Processed/Chrono/VO_EVA_CH_MOBILE_COMMAND_UNIT_DESTROYED_02.wav,2.829,48000,24,-18.35,-1.92,PASS,
VO_EVA_CH_CONSTRUCTION_COMPLETE_03,Chrono,,03,,Content/RA4/Audio/EVA/Processed/Chrono/VO_EVA_CH_CONSTRUCTION_COMPLETE_03.wav,3.365,48000,24,-18.31,-1.92,PASS,
VO_EVA_CH_FACTION_ABILITY_READY_01,Chrono,,01,,Content/RA4/Audio/EVA/Processed/Chrono/VO_EVA_CH_FACTION_ABILITY_READY_01.wav,2.805,48000,24,-18.44,-1.92,PASS,
VO_EVA_CH_INFANTRY_READY_04,Chrono,,04,,Content/RA4/Audio/EVA/Processed/Chrono/VO_EVA_CH_INFANTRY_READY_04.wav,2.379,48000,24,-18.52,-1.92,PASS,
VO_EVA_CH_FACTION_ABILITY_READY_03,Chrono,,03,,Content/RA4/Audio/EVA/Processed/Chrono/VO_EVA_CH_FACTION_ABILITY_READY_03.wav,3.114,48000,24,-18.43,-1.92,PASS,
VO_EVA_CH_CONSTRUCTION_COMPLETE_01,Chrono,,01,,Content/RA4/Audio/EVA/Processed/Chrono/VO_EVA_CH_CONSTRUCTION_COMPLETE_01.wav,3.03,48000,24,-18.52,-1.92,PASS,
VO_EVA_CH_CONSTRUCTION_CANCELLED_02,Chrono,,02,,Content/RA4/Audio/EVA/Processed/Chrono/VO_EVA_CH_CONSTRUCTION_CANCELLED_02.wav,2.579,48000,24,-18.52,-1.92,PASS,
VO_EVA_CH_CONSTRUCTION_CANCELLED_03,Chrono,,03,,Content/RA4/Audio/EVA/Processed/Chrono/VO_EVA_CH_CONSTRUCTION_CANCELLED_03.wav,2.384,48000,24,-18.53,-1.92,PASS,
VO_EVA_CH_MOBILE_COMMAND_UNIT_DESTROYED_01,Chrono,,01,,Content/RA4/Audio/EVA/Processed/Chrono/VO_EVA_CH_MOBILE_COMMAND_UNIT_DESTROYED_01.wav,4.139,48000,24,-18.18,-1.92,PASS,
VO_EVA_CH_FACTION_ABILITY_READY_02,Chrono,,02,,Content/RA4/Audio/EVA/Processed/Chrono/VO_EVA_CH_FACTION_ABILITY_READY_02.wav,3.327,48000,24,-18.45,-1.92,PASS,
VO_EVA_CH_UPGRADE_COMPLETE_03,Chrono,,03,,Content/RA4/Audio/EVA/Processed/Chrono/VO_EVA_CH_UPGRADE_COMPLETE_03.wav,2.804,48000,24,-18.37,-1.92,PASS,
VO_Chrono_EVA_UnitReady,Chrono,,UnitReady,,Content/RA4/Audio/EVA/Processed/Chrono/VO_Chrono_EVA_UnitReady.wav,4.616,48000,24,-18.42,-1.92,PASS,
VO_EVA_CH_ALLIED_BASE_UNDER_ATTACK_01,Chrono,,01,,Content/RA4/Audio/EVA/Processed/Chrono/VO_EVA_CH_ALLIED_BASE_UNDER_ATTACK_01.wav,4.075,48000,24,-18.21,-1.92,PASS,
VO_EVA_CH_MATCH_START_02,Chrono,,02,,Content/RA4/Audio/EVA/Processed/Chrono/VO_EVA_CH_MATCH_START_02.wav,4.139,48000,24,-18.18,-1.92,PASS,
VO_EVA_CH_UPGRADE_COMPLETE_02,Chrono,,02,,Content/RA4/Audio/EVA/Processed/Chrono/VO_EVA_CH_UPGRADE_COMPLETE_02.wav,3.365,48000,24,-18.31,-1.92,PASS,
VO_EVA_CH_ALLIED_BASE_UNDER_ATTACK_03,Chrono,,03,,Content/RA4/Audio/EVA/Processed/Chrono/VO_EVA_CH_ALLIED_BASE_UNDER_ATTACK_03.wav,4.114,48000,24,-18.41,-1.92,PASS,
VO_EVA_CH_ALLIED_BASE_UNDER_ATTACK_02,Chrono,,02,,Content/RA4/Audio/EVA/Processed/Chrono/VO_EVA_CH_ALLIED_BASE_UNDER_ATTACK_02.wav,3.913,48000,24,-18.45,-1.92,PASS,
VO_EVA_CH_MATCH_START_01,Chrono,,01,,Content/RA4/Audio/EVA/Processed/Chrono/VO_EVA_CH_MATCH_START_01.wav,5.345,48000,24,-18.44,-1.92,PASS,
VO_Chrono_EVA_BuildingConstructionComplete,Chrono,,BuildingConstructionComplete,,Content/RA4/Audio/EVA/Processed/Chrono/VO_Chrono_EVA_BuildingConstructionComplete.wav,4.359,48000,24,-18.42,-1.92,PASS,
VO_Chrono_EVA_SuperweaponReady,Chrono,,SuperweaponReady,,Content/RA4/Audio/EVA/Processed/Chrono/VO_Chrono_EVA_SuperweaponReady.wav,4.359,48000,24,-18.42,-1.92,PASS,
VO_EVA_CH_UPGRADE_COMPLETE_01,Chrono,,01,,Content/RA4/Audio/EVA/Processed/Chrono/VO_EVA_CH_UPGRADE_COMPLETE_01.wav,2.172,48000,24,-18.32,-1.93,PASS,
VO_EVA_CH_STRUCTURE_SOLD_03,Chrono,,03,,Content/RA4/Audio/EVA/Processed/Chrono/VO_EVA_CH_STRUCTURE_SOLD_03.wav,2.681,48000,24,-18.43,-1.92,PASS,
VO_EVA_CH_HERO_LOST_02,Chrono,,02,,Content/RA4/Audio/EVA/Processed/Chrono/VO_EVA_CH_HERO_LOST_02.wav,3.146,48000,24,-18.4,-1.92,PASS,
VO_EVA_CH_FACTION_RESOURCE_CRITICAL_01,Chrono,,01,,Content/RA4/Audio/EVA/Processed/Chrono/VO_EVA_CH_FACTION_RESOURCE_CRITICAL_01.wav,3.708,48000,24,-18.42,-1.92,PASS,
VO_Chrono_EVA_ResourcesLow,Chrono,,ResourcesLow,,Content/RA4/Audio/EVA/Processed/Chrono/VO_Chrono_EVA_ResourcesLow.wav,4.766,48000,24,-18.42,-1.92,PASS,
VO_EVA_CH_STRUCTURE_SOLD_02,Chrono,,02,,Content/RA4/Audio/EVA/Processed/Chrono/VO_EVA_CH_STRUCTURE_SOLD_02.wav,3.365,48000,24,-18.31,-1.92,PASS,
VO_EVA_CH_HERO_LOST_01,Chrono,,01,,Content/RA4/Audio/EVA/Processed/Chrono/VO_EVA_CH_HERO_LOST_01.wav,3.12,48000,24,-18.41,-1.92,PASS,
VO_EVA_CH_FACTION_RESOURCE_CRITICAL_02,Chrono,,02,,Content/RA4/Audio/EVA/Processed/Chrono/VO_EVA_CH_FACTION_RESOURCE_CRITICAL_02.wav,5.411,48000,24,-18.43,-1.92,PASS,
VO_Chrono_EVA_PlayerDefeat,Chrono,,PlayerDefeat,,Content/RA4/Audio/EVA/Processed/Chrono/VO_Chrono_EVA_PlayerDefeat.wav,3.746,48000,24,-18.49,-1.92,PASS,
VO_EVA_CH_STRUCTURE_SOLD_01,Chrono,,01,,Content/RA4/Audio/EVA/Processed/Chrono/VO_EVA_CH_STRUCTURE_SOLD_01.wav,2.081,48000,24,-18.25,-1.92,PASS,
VO_Chrono_EVA_NuclearLaunchDetected,Chrono,,NuclearLaunchDetected,,Content/RA4/Audio/EVA/Processed/Chrono/VO_Chrono_EVA_NuclearLaunchDetected.wav,4.05,48000,24,-18.44,-1.92,PASS,
VO_EVA_CH_STEALTH_UNIT_DETECTED_03,Chrono,,03,,Content/RA4/Audio/EVA/Processed/Chrono/VO_EVA_CH_STEALTH_UNIT_DETECTED_03.wav,4.456,48000,24,-18.43,-1.92,PASS,
VO_EVA_CH_HARVESTER_UNDER_ATTACK_02,Chrono,,02,,Content/RA4/Audio/EVA/Processed/Chrono/VO_EVA_CH_HARVESTER_UNDER_ATTACK_02.wav,4.05,48000,24,-18.44,-1.92,PASS,
VO_EVA_CH_POWER_LOW_02,Chrono,,02,,Content/RA4/Audio/EVA/Processed/Chrono/VO_EVA_CH_POWER_LOW_02.wav,4.275,48000,24,-18.39,-1.92,PASS,
VO_EVA_CH_BUILDING_UNDER_ATTACK_02,Chrono,,02,,Content/RA4/Audio/EVA/Processed/Chrono/VO_EVA_CH_BUILDING_UNDER_ATTACK_02.wav,3.494,48000,24,-18.37,-1.92,PASS,
VO_EVA_CH_SUPERWEAPON_COUNTDOWN_STARTED_02,Chrono,,02,,Content/RA4/Audio/EVA/Processed/Chrono/VO_EVA_CH_SUPERWEAPON_COUNTDOWN_STARTED_02.wav,5.255,48000,24,-18.4,-1.92,PASS,
VO_EVA_CH_UNIT_READY_GENERIC_04,Chrono,,04,,Content/RA4/Audio/EVA/Processed/Chrono/VO_EVA_CH_UNIT_READY_GENERIC_04.wav,3.327,48000,24,-18.45,-1.92,PASS,
VO_EVA_CH_BASE_UNDER_ATTACK_01,Chrono,,01,,Content/RA4/Audio/EVA/Processed/Chrono/VO_EVA_CH_BASE_UNDER_ATTACK_01.wav,4.482,48000,24,-18.42,-1.92,PASS,
VO_EVA_CH_SUPERWEAPON_COUNTDOWN_STARTED_03,Chrono,,03,,Content/RA4/Audio/EVA/Processed/Chrono/VO_EVA_CH_SUPERWEAPON_COUNTDOWN_STARTED_03.wav,3.23,48000,24,-18.39,-1.92,PASS,
VO_EVA_CH_BUILDING_UNDER_ATTACK_03,Chrono,,03,,Content/RA4/Audio/EVA/Processed/Chrono/VO_EVA_CH_BUILDING_UNDER_ATTACK_03.wav,3.488,48000,24,-18.22,-1.92,PASS,
VO_EVA_CH_MATCH_VICTORY_02,Chrono,,02,,Content/RA4/Audio/EVA/Processed/Chrono/VO_EVA_CH_MATCH_VICTORY_02.wav,5.255,48000,24,-18.4,-1.92,PASS,
VO_EVA_CH_POWER_LOW_03,Chrono,,03,,Content/RA4/Audio/EVA/Processed/Chrono/VO_EVA_CH_POWER_LOW_03.wav,3.803,48000,24,-18.41,-1.92,PASS,
VO_EVA_CH_VEHICLE_READY_01,Chrono,,01,,Content/RA4/Audio/EVA/Processed/Chrono/VO_EVA_CH_VEHICLE_READY_01.wav,3.913,48000,24,-18.45,-1.92,PASS,
VO_EVA_CH_HARVESTER_UNDER_ATTACK_03,Chrono,,03,,Content/RA4/Audio/EVA/Processed/Chrono/VO_EVA_CH_HARVESTER_UNDER_ATTACK_03.wav,3.914,48000,24,-18.44,-1.92,PASS,
VO_EVA_CH_STEALTH_UNIT_DETECTED_02,Chrono,,02,,Content/RA4/Audio/EVA/Processed/Chrono/VO_EVA_CH_STEALTH_UNIT_DETECTED_02.wav,3.83,48000,24,-18.38,-1.92,PASS,
VO_EVA_CH_HARVESTER_UNDER_ATTACK_01,Chrono,,01,,Content/RA4/Audio/EVA/Processed/Chrono/VO_EVA_CH_HARVESTER_UNDER_ATTACK_01.wav,2.384,48000,24,-18.53,-1.92,PASS,
VO_EVA_CH_VEHICLE_READY_03,Chrono,,03,,Content/RA4/Audio/EVA/Processed/Chrono/VO_EVA_CH_VEHICLE_READY_03.wav,2.669,48000,24,-18.53,-1.92,PASS,
VO_EVA_CH_POWER_LOW_01,Chrono,,01,,Content/RA4/Audio/EVA/Processed/Chrono/VO_EVA_CH_POWER_LOW_01.wav,4.075,48000,24,-18.21,-1.92,PASS,
VO_EVA_CH_BUILDING_UNDER_ATTACK_01,Chrono,,01,,Content/RA4/Audio/EVA/Processed/Chrono/VO_EVA_CH_BUILDING_UNDER_ATTACK_01.wav,3.152,48000,24,-18.4,-1.93,PASS,
VO_EVA_CH_SUPERWEAPON_COUNTDOWN_STARTED_01,Chrono,,01,,Content/RA4/Audio/EVA/Processed/Chrono/VO_EVA_CH_SUPERWEAPON_COUNTDOWN_STARTED_01.wav,4.456,48000,24,-18.43,-1.92,PASS,
VO_Chrono_EVA_BaseUnderAttack,Chrono,,BaseUnderAttack,,Content/RA4/Audio/EVA/Processed/Chrono/VO_Chrono_EVA_BaseUnderAttack.wav,4.83,48000,24,-18.26,-1.92,PASS,
VO_EVA_CH_BASE_UNDER_ATTACK_03,Chrono,,03,,Content/RA4/Audio/EVA/Processed/Chrono/VO_EVA_CH_BASE_UNDER_ATTACK_03.wav,4.43,48000,24,-18.41,-1.92,PASS,
VO_EVA_CH_BASE_UNDER_ATTACK_02,Chrono,,02,,Content/RA4/Audio/EVA/Processed/Chrono/VO_EVA_CH_BASE_UNDER_ATTACK_02.wav,4.456,48000,24,-18.43,-1.92,PASS,
VO_EVA_CH_MATCH_VICTORY_01,Chrono,,01,,Content/RA4/Audio/EVA/Processed/Chrono/VO_EVA_CH_MATCH_VICTORY_01.wav,2.83,48000,24,-18.27,-1.92,PASS,
VO_EVA_CH_VEHICLE_READY_02,Chrono,,02,,Content/RA4/Audio/EVA/Processed/Chrono/VO_EVA_CH_VEHICLE_READY_02.wav,4.075,48000,24,-18.21,-1.92,PASS,
VO_EVA_CH_STEALTH_UNIT_DETECTED_01,Chrono,,01,,Content/RA4/Audio/EVA/Processed/Chrono/VO_EVA_CH_STEALTH_UNIT_DETECTED_01.wav,3.23,48000,24,-18.39,-1.92,PASS,
VO_EVA_CH_HARVESTER_UNDER_ATTACK_04,Chrono,,04,,Content/RA4/Audio/EVA/Processed/Chrono/VO_EVA_CH_HARVESTER_UNDER_ATTACK_04.wav,3.494,48000,24,-18.37,-1.92,PASS,
VO_EVA_CH_POWER_LOW_04,Chrono,,04,,Content/RA4/Audio/EVA/Processed/Chrono/VO_EVA_CH_POWER_LOW_04.wav,3.817,48000,24,-18.35,-1.92,PASS,
VO_EVA_CH_SUPERWEAPON_READY_01,Chrono,,01,,Content/RA4/Audio/EVA/Processed/Chrono/VO_EVA_CH_SUPERWEAPON_READY_01.wav,3.165,48000,24,-18.46,-1.93,PASS,
VO_EVA_CH_UNIT_READY_GENERIC_02,Chrono,,02,,Content/RA4/Audio/EVA/Processed/Chrono/VO_EVA_CH_UNIT_READY_GENERIC_02.wav,2.83,48000,24,-18.35,-1.92,PASS,
VO_EVA_CH_UNIT_READY_GENERIC_03,Chrono,,03,,Content/RA4/Audio/EVA/Processed/Chrono/VO_EVA_CH_UNIT_READY_GENERIC_03.wav,3.449,48000,24,-18.43,-1.92,PASS,
VO_EVA_CH_RADAR_OFFLINE_01,Chrono,,01,,Content/RA4/Audio/EVA/Processed/Chrono/VO_EVA_CH_RADAR_OFFLINE_01.wav,4.481,48000,24,-18.38,-1.92,PASS,
VO_EVA_CH_STEALTH_UNIT_DETECTED_04,Chrono,,04,,Content/RA4/Audio/EVA/Processed/Chrono/VO_EVA_CH_STEALTH_UNIT_DETECTED_04.wav,3.327,48000,24,-18.45,-1.92,PASS,
VO_EVA_CH_SUPERWEAPON_READY_02,Chrono,,02,,Content/RA4/Audio/EVA/Processed/Chrono/VO_EVA_CH_SUPERWEAPON_READY_02.wav,3.146,48000,24,-18.4,-1.92,PASS,
VO_EVA_CH_RADAR_OFFLINE_03,Chrono,,03,,Content/RA4/Audio/EVA/Processed/Chrono/VO_EVA_CH_RADAR_OFFLINE_03.wav,2.805,48000,24,-18.44,-1.92,PASS,
VO_EVA_CH_UNIT_READY_GENERIC_01,Chrono,,01,,Content/RA4/Audio/EVA/Processed/Chrono/VO_EVA_CH_UNIT_READY_GENERIC_01.wav,3.1,48000,24,-18.47,-1.92,PASS,
VO_EVA_CH_BASE_UNDER_ATTACK_04,Chrono,,04,,Content/RA4/Audio/EVA/Processed/Chrono/VO_EVA_CH_BASE_UNDER_ATTACK_04.wav,3.494,48000,24,-18.37,-1.92,PASS,
VO_EVA_CH_RADAR_OFFLINE_02,Chrono,,02,,Content/RA4/Audio/EVA/Processed/Chrono/VO_EVA_CH_RADAR_OFFLINE_02.wav,2.681,48000,24,-18.44,-1.92,PASS,
VO_EVA_CH_SUPERWEAPON_READY_03,Chrono,,03,,Content/RA4/Audio/EVA/Processed/Chrono/VO_EVA_CH_SUPERWEAPON_READY_03.wav,3.746,48000,24,-18.49,-1.92,PASS,
VO_EVA_CH_VEHICLE_READY_04,Chrono,,04,,Content/RA4/Audio/EVA/Processed/Chrono/VO_EVA_CH_VEHICLE_READY_04.wav,3.1,48000,24,-18.47,-1.92,PASS,
VO_EVA_CH_INSUFFICIENT_FUNDS_03,Chrono,,03,,Content/RA4/Audio/EVA/Processed/Chrono/VO_EVA_CH_INSUFFICIENT_FUNDS_03.wav,3.972,48000,24,-18.44,-1.92,PASS,
VO_EVA_CH_ENEMY_SUPERWEAPON_FIRED_01,Chrono,,01,,Content/RA4/Audio/EVA/Processed/Chrono/VO_EVA_CH_ENEMY_SUPERWEAPON_FIRED_01.wav,4.952,48000,24,-18.43,-1.92,PASS,
VO_EVA_CH_NAVAL_UNIT_READY_02,Chrono,,02,,Content/RA4/Audio/EVA/Processed/Chrono/VO_EVA_CH_NAVAL_UNIT_READY_02.wav,2.487,48000,24,-18.39,-1.92,PASS,
VO_EVA_CH_AIRCRAFT_READY_02,Chrono,,02,,Content/RA4/Audio/EVA/Processed/Chrono/VO_EVA_CH_AIRCRAFT_READY_02.wav,3.578,48000,24,-18.38,-1.92,PASS,
VO_EVA_CH_AIRCRAFT_READY_03,Chrono,,03,,Content/RA4/Audio/EVA/Processed/Chrono/VO_EVA_CH_AIRCRAFT_READY_03.wav,3.61,48000,24,-18.43,-1.92,PASS,
VO_EVA_CH_COMMAND_CAP_REACHED_01,Chrono,,01,,Content/RA4/Audio/EVA/Processed/Chrono/VO_EVA_CH_COMMAND_CAP_REACHED_01.wav,4.114,48000,24,-18.41,-1.92,PASS,
VO_EVA_CH_NAVAL_UNIT_READY_03,Chrono,,03,,Content/RA4/Audio/EVA/Processed/Chrono/VO_EVA_CH_NAVAL_UNIT_READY_03.wav,4.004,48000,24,-18.35,-1.92,PASS,
VO_EVA_CH_INSUFFICIENT_FUNDS_02,Chrono,,02,,Content/RA4/Audio/EVA/Processed/Chrono/VO_EVA_CH_INSUFFICIENT_FUNDS_02.wav,3.669,48000,24,-18.5,-1.92,PASS,
VO_EVA_CH_ENEMY_SUPERWEAPON_FIRED_02,Chrono,,02,,Content/RA4/Audio/EVA/Processed/Chrono/VO_EVA_CH_ENEMY_SUPERWEAPON_FIRED_02.wav,4.494,48000,24,-18.38,-1.92,PASS,
VO_EVA_CH_NAVAL_UNIT_READY_01,Chrono,,01,,Content/RA4/Audio/EVA/Processed/Chrono/VO_EVA_CH_NAVAL_UNIT_READY_01.wav,3.817,48000,24,-18.44,-1.92,PASS,
VO_EVA_CH_COMMAND_CAP_REACHED_03,Chrono,,03,,Content/RA4/Audio/EVA/Processed/Chrono/VO_EVA_CH_COMMAND_CAP_REACHED_03.wav,4.017,48000,24,-18.43,-1.92,PASS,
VO_EVA_CH_AIRCRAFT_READY_01,Chrono,,01,,Content/RA4/Audio/EVA/Processed/Chrono/VO_EVA_CH_AIRCRAFT_READY_01.wav,4.139,48000,24,-18.18,-1.92,PASS,
VO_EVA_CH_COMMAND_CAP_REACHED_02,Chrono,,02,,Content/RA4/Audio/EVA/Processed/Chrono/VO_EVA_CH_COMMAND_CAP_REACHED_02.wav,4.153,48000,24,-18.38,-1.92,PASS,
VO_Chrono_EVA_PlayerVictory,Chrono,,PlayerVictory,,Content/RA4/Audio/EVA/Processed/Chrono/VO_Chrono_EVA_PlayerVictory.wav,4.05,48000,24,-18.44,-1.92,PASS,
VO_EVA_CH_INSUFFICIENT_FUNDS_01,Chrono,,01,,Content/RA4/Audio/EVA/Processed/Chrono/VO_EVA_CH_INSUFFICIENT_FUNDS_01.wav,3.404,48000,24,-18.43,-1.92,PASS,
VO_EVA_CH_NAVAL_UNIT_READY_04,Chrono,,04,,Content/RA4/Audio/EVA/Processed/Chrono/VO_EVA_CH_NAVAL_UNIT_READY_04.wav,2.579,48000,24,-18.52,-1.92,PASS,
VO_EVA_CH_MATCH_DEFEAT_01,Chrono,,01,,Content/RA4/Audio/EVA/Processed/Chrono/VO_EVA_CH_MATCH_DEFEAT_01.wav,3.817,48000,24,-18.44,-1.92,PASS,
VO_EVA_CH_AIRCRAFT_READY_04,Chrono,,04,,Content/RA4/Audio/EVA/Processed/Chrono/VO_EVA_CH_AIRCRAFT_READY_04.wav,3.708,48000,24,-18.42,-1.92,PASS,
VO_Chrono_EVA_ChronoRiftDetected,Chrono,,ChronoRiftDetected,,Content/RA4/Audio/EVA/Processed/Chrono/VO_Chrono_EVA_ChronoRiftDetected.wav,4.153,48000,24,-18.38,-1.92,PASS,
VO_EVA_CH_COMMAND_CENTER_DESTROYED_01,Chrono,,01,,Content/RA4/Audio/EVA/Processed/Chrono/VO_EVA_CH_COMMAND_CENTER_DESTROYED_01.wav,4.139,48000,24,-18.17,-1.92,PASS,
VO_EVA_CH_INSUFFICIENT_FUNDS_04,Chrono,,04,,Content/RA4/Audio/EVA/Processed/Chrono/VO_EVA_CH_INSUFFICIENT_FUNDS_04.wav,3.488,48000,24,-18.22,-1.92,PASS,
VO_EVA_CH_MATCH_DEFEAT_02,Chrono,,02,,Content/RA4/Audio/EVA/Processed/Chrono/VO_EVA_CH_MATCH_DEFEAT_02.wav,4.494,48000,24,-18.38,-1.92,PASS,
VO_EVA_CH_COMMAND_CAP_REACHED_04,Chrono,,04,,Content/RA4/Audio/EVA/Processed/Chrono/VO_EVA_CH_COMMAND_CAP_REACHED_04.wav,2.081,48000,24,-18.24,-1.92,PASS,
VO_EVA_CH_COMMAND_CENTER_DESTROYED_02,Chrono,,02,,Content/RA4/Audio/EVA/Processed/Chrono/VO_EVA_CH_COMMAND_CENTER_DESTROYED_02.wav,2.379,48000,24,-18.53,-1.92,PASS,
VO_EVA_AL_OWN_SUPERWEAPON_FIRED_01,Alliance,,01,,Content/RA4/Audio/EVA/Processed/Alliance/VO_EVA_AL_OWN_SUPERWEAPON_FIRED_01.wav,3.801,48000,24,-18.54,-1.92,PASS,
VO_EVA_AL_HERO_LOST_01,Alliance,,01,,Content/RA4/Audio/EVA/Processed/Alliance/VO_EVA_AL_HERO_LOST_01.wav,3.17,48000,24,-18.54,-1.92,PASS,
VO_EVA_AL_INFANTRY_READY_01,Alliance,,01,,Content/RA4/Audio/EVA/Processed/Alliance/VO_EVA_AL_INFANTRY_READY_01.wav,3.314,48000,24,-18.62,-1.92,PASS,
VO_EVA_AL_CONSTRUCTION_COMPLETE_04,Alliance,,04,,Content/RA4/Audio/EVA/Processed/Alliance/VO_EVA_AL_CONSTRUCTION_COMPLETE_04.wav,2.751,48000,24,-18.59,-1.92,PASS,
VO_Alliance_EVA_NuclearLaunchDetected,Alliance,,NuclearLaunchDetected,,Content/RA4/Audio/EVA/Processed/Alliance/VO_Alliance_EVA_NuclearLaunchDetected.wav,4.451,48000,24,-18.56,-1.92,PASS,
VO_EVA_AL_OWN_SUPERWEAPON_FIRED_02,Alliance,,02,,Content/RA4/Audio/EVA/Processed/Alliance/VO_EVA_AL_OWN_SUPERWEAPON_FIRED_02.wav,4.151,48000,24,-18.56,-1.92,PASS,
VO_EVA_AL_HERO_LOST_02,Alliance,,02,,Content/RA4/Audio/EVA/Processed/Alliance/VO_EVA_AL_HERO_LOST_02.wav,3.5,48000,24,-18.55,-1.92,PASS,
VO_EVA_AL_NAVAL_UNIT_READY_04,Alliance,,04,,Content/RA4/Audio/EVA/Processed/Alliance/VO_EVA_AL_NAVAL_UNIT_READY_04.wav,2.339,48000,24,-18.59,-1.92,PASS,
VO_EVA_AL_INFANTRY_READY_02,Alliance,,02,,Content/RA4/Audio/EVA/Processed/Alliance/VO_EVA_AL_INFANTRY_READY_02.wav,2.595,48000,24,-18.56,-1.92,PASS,
VO_EVA_AL_INFANTRY_READY_03,Alliance,,03,,Content/RA4/Audio/EVA/Processed/Alliance/VO_EVA_AL_INFANTRY_READY_03.wav,1.826,48000,24,-18.6,-1.92,PASS,
VO_EVA_AL_FACTION_ABILITY_ACTIVATED_03,Alliance,,03,,Content/RA4/Audio/EVA/Processed/Alliance/VO_EVA_AL_FACTION_ABILITY_ACTIVATED_03.wav,3.581,48000,24,-18.57,-1.92,PASS,
VO_EVA_AL_FACTION_ABILITY_READY_01,Alliance,,01,,Content/RA4/Audio/EVA/Processed/Alliance/VO_EVA_AL_FACTION_ABILITY_READY_01.wav,2.806,48000,24,-18.5,-1.92,PASS,
VO_EVA_AL_NAVAL_UNIT_READY_01,Alliance,,01,,Content/RA4/Audio/EVA/Processed/Alliance/VO_EVA_AL_NAVAL_UNIT_READY_01.wav,3.051,48000,24,-18.53,-1.92,PASS,
VO_Alliance_EVA_ChronoRiftDetected,Alliance,,ChronoRiftDetected,,Content/RA4/Audio/EVA/Processed/Alliance/VO_Alliance_EVA_ChronoRiftDetected.wav,4.138,48000,24,-18.27,-1.92,PASS,
VO_EVA_AL_CONSTRUCTION_COMPLETE_03,Alliance,,03,,Content/RA4/Audio/EVA/Processed/Alliance/VO_EVA_AL_CONSTRUCTION_COMPLETE_03.wav,3.282,48000,24,-18.54,-1.92,PASS,
VO_EVA_AL_CONSTRUCTION_COMPLETE_02,Alliance,,02,,Content/RA4/Audio/EVA/Processed/Alliance/VO_EVA_AL_CONSTRUCTION_COMPLETE_02.wav,2.363,48000,24,-18.6,-1.92,PASS,
VO_EVA_AL_FACTION_ABILITY_ACTIVATED_02,Alliance,,02,,Content/RA4/Audio/EVA/Processed/Alliance/VO_EVA_AL_FACTION_ABILITY_ACTIVATED_02.wav,2.445,48000,24,-18.58,-1.92,PASS,
VO_EVA_AL_FACTION_ABILITY_READY_02,Alliance,,02,,Content/RA4/Audio/EVA/Processed/Alliance/VO_EVA_AL_FACTION_ABILITY_READY_02.wav,3.051,48000,24,-18.53,-1.92,PASS,
VO_Alliance_EVA_GameStart,Alliance,,GameStart,,Content/RA4/Audio/EVA/Processed/Alliance/VO_Alliance_EVA_GameStart.wav,4.451,48000,24,-18.56,-1.92,PASS,
VO_EVA_AL_NAVAL_UNIT_READY_02,Alliance,,02,,Content/RA4/Audio/EVA/Processed/Alliance/VO_EVA_AL_NAVAL_UNIT_READY_02.wav,3.163,48000,24,-18.57,-1.92,PASS,
VO_EVA_AL_INFANTRY_READY_04,Alliance,,04,,Content/RA4/Audio/EVA/Processed/Alliance/VO_EVA_AL_INFANTRY_READY_04.wav,3.401,48000,24,-18.58,-1.92,PASS,
VO_EVA_AL_CONSTRUCTION_COMPLETE_01,Alliance,,01,,Content/RA4/Audio/EVA/Processed/Alliance/VO_EVA_AL_CONSTRUCTION_COMPLETE_01.wav,2.826,48000,24,-18.49,-1.92,PASS,
VO_Alliance_EVA_SuperweaponReady,Alliance,,SuperweaponReady,,Content/RA4/Audio/EVA/Processed/Alliance/VO_Alliance_EVA_SuperweaponReady.wav,3.764,48000,24,-18.5,-1.92,PASS,
VO_EVA_AL_NAVAL_UNIT_READY_03,Alliance,,03,,Content/RA4/Audio/EVA/Processed/Alliance/VO_EVA_AL_NAVAL_UNIT_READY_03.wav,3.12,48000,24,-18.53,-1.93,PASS,
VO_EVA_AL_FACTION_ABILITY_READY_03,Alliance,,03,,Content/RA4/Audio/EVA/Processed/Alliance/VO_EVA_AL_FACTION_ABILITY_READY_03.wav,3.463,48000,24,-18.52,-1.92,PASS,
VO_EVA_AL_FACTION_ABILITY_ACTIVATED_01,Alliance,,01,,Content/RA4/Audio/EVA/Processed/Alliance/VO_EVA_AL_FACTION_ABILITY_ACTIVATED_01.wav,3.232,48000,24,-18.54,-1.92,PASS,
VO_EVA_AL_RESOURCES_DEPLETED_02,Alliance,,02,,Content/RA4/Audio/EVA/Processed/Alliance/VO_EVA_AL_RESOURCES_DEPLETED_02.wav,3.463,48000,24,-18.52,-1.92,PASS,
VO_EVA_AL_ALLIED_BASE_UNDER_ATTACK_02,Alliance,,02,,Content/RA4/Audio/EVA/Processed/Alliance/VO_EVA_AL_ALLIED_BASE_UNDER_ATTACK_02.wav,3.12,48000,24,-18.53,-1.92,PASS,
VO_EVA_AL_SUPERWEAPON_COUNTDOWN_STARTED_02,Alliance,,02,,Content/RA4/Audio/EVA/Processed/Alliance/VO_EVA_AL_SUPERWEAPON_COUNTDOWN_STARTED_02.wav,3.913,48000,24,-18.55,-1.92,PASS,
VO_EVA_AL_SUPERWEAPON_COUNTDOWN_STARTED_03,Alliance,,03,,Content/RA4/Audio/EVA/Processed/Alliance/VO_EVA_AL_SUPERWEAPON_COUNTDOWN_STARTED_03.wav,3.581,48000,24,-18.56,-1.92,PASS,
VO_EVA_AL_ALLIED_BASE_UNDER_ATTACK_03,Alliance,,03,,Content/RA4/Audio/EVA/Processed/Alliance/VO_EVA_AL_ALLIED_BASE_UNDER_ATTACK_03.wav,3.669,48000,24,-18.66,-1.92,PASS,
VO_EVA_AL_RESOURCES_DEPLETED_03,Alliance,,03,,Content/RA4/Audio/EVA/Processed/Alliance/VO_EVA_AL_RESOURCES_DEPLETED_03.wav,4.388,48000,24,-18.65,-1.92,PASS,
VO_EVA_AL_RESOURCES_DEPLETED_01,Alliance,,01,,Content/RA4/Audio/EVA/Processed/Alliance/VO_EVA_AL_RESOURCES_DEPLETED_01.wav,2.95,48000,24,-18.62,-1.92,PASS,
VO_EVA_AL_ALLIED_BASE_UNDER_ATTACK_01,Alliance,,01,,Content/RA4/Audio/EVA/Processed/Alliance/VO_EVA_AL_ALLIED_BASE_UNDER_ATTACK_01.wav,3.776,48000,24,-18.53,-1.92,PASS,
VO_EVA_AL_SUPERWEAPON_COUNTDOWN_STARTED_01,Alliance,,01,,Content/RA4/Audio/EVA/Processed/Alliance/VO_EVA_AL_SUPERWEAPON_COUNTDOWN_STARTED_01.wav,3.976,48000,24,-18.58,-1.92,PASS,
VO_EVA_AL_CONSTRUCTION_CANCELLED_02,Alliance,,02,,Content/RA4/Audio/EVA/Processed/Alliance/VO_EVA_AL_CONSTRUCTION_CANCELLED_02.wav,2.413,48000,24,-18.51,-1.92,PASS,
VO_EVA_AL_STRUCTURE_SOLD_01,Alliance,,01,,Content/RA4/Audio/EVA/Processed/Alliance/VO_EVA_AL_STRUCTURE_SOLD_01.wav,2.376,48000,24,-18.68,-1.92,PASS,
VO_EVA_AL_MATCH_DEFEAT_01,Alliance,,01,,Content/RA4/Audio/EVA/Processed/Alliance/VO_EVA_AL_MATCH_DEFEAT_01.wav,3.832,48000,24,-18.52,-1.92,PASS,
VO_Alliance_EVA_UnitReady,Alliance,,UnitReady,,Content/RA4/Audio/EVA/Processed/Alliance/VO_Alliance_EVA_UnitReady.wav,3.801,48000,24,-18.54,-1.92,PASS,
VO_EVA_AL_CONSTRUCTION_CANCELLED_03,Alliance,,03,,Content/RA4/Audio/EVA/Processed/Alliance/VO_EVA_AL_CONSTRUCTION_CANCELLED_03.wav,2.806,48000,24,-18.5,-1.92,PASS,
VO_EVA_AL_CONSTRUCTION_CANCELLED_01,Alliance,,01,,Content/RA4/Audio/EVA/Processed/Alliance/VO_EVA_AL_CONSTRUCTION_CANCELLED_01.wav,2.488,48000,24,-18.52,-1.92,PASS,
VO_EVA_AL_STRUCTURE_SOLD_02,Alliance,,02,,Content/RA4/Audio/EVA/Processed/Alliance/VO_EVA_AL_STRUCTURE_SOLD_02.wav,2.832,48000,24,-18.43,-1.92,PASS,
VO_EVA_AL_MATCH_DEFEAT_02,Alliance,,02,,Content/RA4/Audio/EVA/Processed/Alliance/VO_EVA_AL_MATCH_DEFEAT_02.wav,4.451,48000,24,-18.56,-1.92,PASS,
VO_EVA_AL_STRUCTURE_SOLD_03,Alliance,,03,,Content/RA4/Audio/EVA/Processed/Alliance/VO_EVA_AL_STRUCTURE_SOLD_03.wav,2.595,48000,24,-18.56,-1.92,PASS,
VO_EVA_AL_STEALTH_UNIT_DETECTED_02,Alliance,,02,,Content/RA4/Audio/EVA/Processed/Alliance/VO_EVA_AL_STEALTH_UNIT_DETECTED_02.wav,3.494,48000,24,-18.52,-1.92,PASS,
VO_EVA_AL_INSUFFICIENT_FUNDS_02,Alliance,,02,,Content/RA4/Audio/EVA/Processed/Alliance/VO_EVA_AL_INSUFFICIENT_FUNDS_02.wav,3.051,48000,24,-18.53,-1.92,PASS,
VO_EVA_AL_BUILDING_UNDER_ATTACK_03,Alliance,,03,,Content/RA4/Audio/EVA/Processed/Alliance/VO_EVA_AL_BUILDING_UNDER_ATTACK_03.wav,3.051,48000,24,-18.53,-1.92,PASS,
VO_EVA_AL_BUILDING_UNDER_ATTACK_02,Alliance,,02,,Content/RA4/Audio/EVA/Processed/Alliance/VO_EVA_AL_BUILDING_UNDER_ATTACK_02.wav,3.232,48000,24,-18.54,-1.93,PASS,
VO_EVA_AL_INSUFFICIENT_FUNDS_03,Alliance,,03,,Content/RA4/Audio/EVA/Processed/Alliance/VO_EVA_AL_INSUFFICIENT_FUNDS_03.wav,3.932,48000,24,-18.53,-1.92,PASS,
VO_Alliance_EVA_BaseUnderAttack,Alliance,,BaseUnderAttack,,Content/RA4/Audio/EVA/Processed/Alliance/VO_Alliance_EVA_BaseUnderAttack.wav,4.157,48000,24,-18.51,-1.92,PASS,
VO_EVA_AL_STEALTH_UNIT_DETECTED_03,Alliance,,03,,Content/RA4/Audio/EVA/Processed/Alliance/VO_EVA_AL_STEALTH_UNIT_DETECTED_03.wav,2.788,48000,24,-18.25,-1.92,PASS,
VO_EVA_AL_STEALTH_UNIT_DETECTED_01,Alliance,,01,,Content/RA4/Audio/EVA/Processed/Alliance/VO_EVA_AL_STEALTH_UNIT_DETECTED_01.wav,3.494,48000,24,-18.52,-1.92,PASS,
VO_EVA_AL_INSUFFICIENT_FUNDS_01,Alliance,,01,,Content/RA4/Audio/EVA/Processed/Alliance/VO_EVA_AL_INSUFFICIENT_FUNDS_01.wav,3.095,48000,24,-18.61,-1.92,PASS,
VO_EVA_AL_BUILDING_UNDER_ATTACK_01,Alliance,,01,,Content/RA4/Audio/EVA/Processed/Alliance/VO_EVA_AL_BUILDING_UNDER_ATTACK_01.wav,3.669,48000,24,-18.66,-1.92,PASS,
VO_EVA_AL_STEALTH_UNIT_DETECTED_04,Alliance,,04,,Content/RA4/Audio/EVA/Processed/Alliance/VO_EVA_AL_STEALTH_UNIT_DETECTED_04.wav,3.363,48000,24,-18.41,-1.92,PASS,
VO_EVA_AL_INSUFFICIENT_FUNDS_04,Alliance,,04,,Content/RA4/Audio/EVA/Processed/Alliance/VO_EVA_AL_INSUFFICIENT_FUNDS_04.wav,2.832,48000,24,-18.43,-1.92,PASS,
VO_EVA_AL_UPGRADE_COMPLETE_01,Alliance,,01,,Content/RA4/Audio/EVA/Processed/Alliance/VO_EVA_AL_UPGRADE_COMPLETE_01.wav,2.982,48000,24,-18.58,-1.92,PASS,
VO_Alliance_EVA_BuildingConstructionComplete,Alliance,,BuildingConstructionComplete,,Content/RA4/Audio/EVA/Processed/Alliance/VO_Alliance_EVA_BuildingConstructionComplete.wav,4.313,48000,24,-18.64,-1.92,PASS,
VO_EVA_AL_UPGRADE_COMPLETE_03,Alliance,,03,,Content/RA4/Audio/EVA/Processed/Alliance/VO_EVA_AL_UPGRADE_COMPLETE_03.wav,3.581,48000,24,-18.56,-1.92,PASS,
VO_EVA_AL_UPGRADE_COMPLETE_02,Alliance,,02,,Content/RA4/Audio/EVA/Processed/Alliance/VO_EVA_AL_UPGRADE_COMPLETE_02.wav,4.451,48000,24,-18.56,-1.92,PASS,
VO_EVA_AL_RADAR_OFFLINE_03,Alliance,,03,,Content/RA4/Audio/EVA/Processed/Alliance/VO_EVA_AL_RADAR_OFFLINE_03.wav,4.157,48000,24,-18.51,-1.92,PASS,
VO_Alliance_EVA_ResourcesLow,Alliance,,ResourcesLow,,Content/RA4/Audio/EVA/Processed/Alliance/VO_Alliance_EVA_ResourcesLow.wav,5.031,48000,24,-18.66,-1.92,PASS,
VO_EVA_AL_BASE_UNDER_ATTACK_01,Alliance,,01,,Content/RA4/Audio/EVA/Processed/Alliance/VO_EVA_AL_BASE_UNDER_ATTACK_01.wav,3.832,48000,24,-18.52,-1.92,PASS,
VO_EVA_AL_HARVESTER_UNDER_ATTACK_01,Alliance,,01,,Content/RA4/Audio/EVA/Processed/Alliance/VO_EVA_AL_HARVESTER_UNDER_ATTACK_01.wav,3.669,48000,24,-18.66,-1.92,PASS,
VO_EVA_AL_COMMAND_CAP_REACHED_04,Alliance,,04,,Content/RA4/Audio/EVA/Processed/Alliance/VO_EVA_AL_COMMAND_CAP_REACHED_04.wav,3.669,48000,24,-18.66,-1.92,PASS,
VO_EVA_AL_VEHICLE_READY_04,Alliance,,04,,Content/RA4/Audio/EVA/Processed/Alliance/VO_EVA_AL_VEHICLE_READY_04.wav,4.813,48000,24,-18.52,-1.92,PASS,
VO_EVA_AL_UNIT_READY_GENERIC_04,Alliance,,04,,Content/RA4/Audio/EVA/Processed/Alliance/VO_EVA_AL_UNIT_READY_GENERIC_04.wav,2.807,48000,24,-18.58,-1.92,PASS,
VO_EVA_AL_AIRCRAFT_READY_01,Alliance,,01,,Content/RA4/Audio/EVA/Processed/Alliance/VO_EVA_AL_AIRCRAFT_READY_01.wav,2.582,48000,24,-18.63,-1.92,PASS,
VO_EVA_AL_RADAR_OFFLINE_02,Alliance,,02,,Content/RA4/Audio/EVA/Processed/Alliance/VO_EVA_AL_RADAR_OFFLINE_02.wav,3.12,48000,24,-18.53,-1.92,PASS,
VO_EVA_AL_AIRCRAFT_READY_03,Alliance,,03,,Content/RA4/Audio/EVA/Processed/Alliance/VO_EVA_AL_AIRCRAFT_READY_03.wav,3.932,48000,24,-18.55,-1.92,PASS,
VO_Alliance_EVA_PlayerDefeat,Alliance,,PlayerDefeat,,Content/RA4/Audio/EVA/Processed/Alliance/VO_Alliance_EVA_PlayerDefeat.wav,3.669,48000,24,-18.66,-1.92,PASS,
VO_EVA_AL_BASE_UNDER_ATTACK_02,Alliance,,02,,Content/RA4/Audio/EVA/Processed/Alliance/VO_EVA_AL_BASE_UNDER_ATTACK_02.wav,2.976,48000,24,-18.53,-1.92,PASS,
VO_EVA_AL_HARVESTER_UNDER_ATTACK_02,Alliance,,02,,Content/RA4/Audio/EVA/Processed/Alliance/VO_EVA_AL_HARVESTER_UNDER_ATTACK_02.wav,3.163,48000,24,-18.57,-1.92,PASS,
VO_EVA_AL_HARVESTER_UNDER_ATTACK_03,Alliance,,03,,Content/RA4/Audio/EVA/Processed/Alliance/VO_EVA_AL_HARVESTER_UNDER_ATTACK_03.wav,3.026,48000,24,-18.67,-1.92,PASS,
VO_EVA_AL_BASE_UNDER_ATTACK_03,Alliance,,03,,Content/RA4/Audio/EVA/Processed/Alliance/VO_EVA_AL_BASE_UNDER_ATTACK_03.wav,4.313,48000,24,-18.64,-1.92,PASS,
VO_EVA_AL_POWER_LOW_04,Alliance,,04,,Content/RA4/Audio/EVA/Processed/Alliance/VO_EVA_AL_POWER_LOW_04.wav,5.832,48000,24,-18.52,-1.92,PASS,
VO_EVA_AL_AIRCRAFT_READY_02,Alliance,,02,,Content/RA4/Audio/EVA/Processed/Alliance/VO_EVA_AL_AIRCRAFT_READY_02.wav,3.363,48000,24,-18.41,-1.92,PASS,
VO_EVA_AL_RADAR_OFFLINE_01,Alliance,,01,,Content/RA4/Audio/EVA/Processed/Alliance/VO_EVA_AL_RADAR_OFFLINE_01.wav,4.388,48000,24,-18.65,-1.92,PASS,
VO_EVA_AL_ENEMY_SUPERWEAPON_FIRED_01,Alliance,,01,,Content/RA4/Audio/EVA/Processed/Alliance/VO_EVA_AL_ENEMY_SUPERWEAPON_FIRED_01.wav,4.813,48000,24,-18.52,-1.92,PASS,
VO_EVA_AL_COMMAND_CENTER_DESTROYED_02,Alliance,,02,,Content/RA4/Audio/EVA/Processed/Alliance/VO_EVA_AL_COMMAND_CENTER_DESTROYED_02.wav,3.145,48000,24,-18.53,-1.92,PASS,
VO_EVA_AL_UNIT_READY_GENERIC_03,Alliance,,03,,Content/RA4/Audio/EVA/Processed/Alliance/VO_EVA_AL_UNIT_READY_GENERIC_03.wav,3.581,48000,24,-18.56,-1.92,PASS,
VO_EVA_AL_COMMAND_CAP_REACHED_03,Alliance,,03,,Content/RA4/Audio/EVA/Processed/Alliance/VO_EVA_AL_COMMAND_CAP_REACHED_03.wav,3.494,48000,24,-18.52,-1.92,PASS,
VO_EVA_AL_VEHICLE_READY_03,Alliance,,03,,Content/RA4/Audio/EVA/Processed/Alliance/VO_EVA_AL_VEHICLE_READY_03.wav,2.976,48000,24,-18.53,-1.92,PASS,
VO_EVA_AL_MOBILE_COMMAND_UNIT_DESTROYED_02,Alliance,,02,,Content/RA4/Audio/EVA/Processed/Alliance/VO_EVA_AL_MOBILE_COMMAND_UNIT_DESTROYED_02.wav,4.813,48000,24,-18.52,-1.92,PASS,
VO_EVA_AL_VEHICLE_READY_02,Alliance,,02,,Content/RA4/Audio/EVA/Processed/Alliance/VO_EVA_AL_VEHICLE_READY_02.wav,2.745,48000,24,-18.52,-1.92,PASS,
VO_EVA_AL_COMMAND_CAP_REACHED_02,Alliance,,02,,Content/RA4/Audio/EVA/Processed/Alliance/VO_EVA_AL_COMMAND_CAP_REACHED_02.wav,3.976,48000,24,-18.58,-1.92,PASS,
VO_EVA_AL_FACTION_RESOURCE_MAX_01,Alliance,,01,,Content/RA4/Audio/EVA/Processed/Alliance/VO_EVA_AL_FACTION_RESOURCE_MAX_01.wav,3.145,48000,24,-18.53,-1.92,PASS,
VO_EVA_AL_UNIT_READY_GENERIC_02,Alliance,,02,,Content/RA4/Audio/EVA/Processed/Alliance/VO_EVA_AL_UNIT_READY_GENERIC_02.wav,2.582,48000,24,-18.63,-1.92,PASS,
VO_EVA_AL_MATCH_START_01,Alliance,,01,,Content/RA4/Audio/EVA/Processed/Alliance/VO_EVA_AL_MATCH_START_01.wav,3.694,48000,24,-18.51,-1.92,PASS,
VO_EVA_AL_POWER_LOW_01,Alliance,,01,,Content/RA4/Audio/EVA/Processed/Alliance/VO_EVA_AL_POWER_LOW_01.wav,3.801,48000,24,-18.54,-1.92,PASS,
VO_EVA_AL_SUPERWEAPON_READY_01,Alliance,,01,,Content/RA4/Audio/EVA/Processed/Alliance/VO_EVA_AL_SUPERWEAPON_READY_01.wav,3.82,48000,24,-18.56,-1.92,PASS,
VO_EVA_AL_MATCH_VICTORY_01,Alliance,,01,,Content/RA4/Audio/EVA/Processed/Alliance/VO_EVA_AL_MATCH_VICTORY_01.wav,4.501,48000,24,-18.55,-1.92,PASS,
VO_EVA_AL_SUPERWEAPON_READY_03,Alliance,,03,,Content/RA4/Audio/EVA/Processed/Alliance/VO_EVA_AL_SUPERWEAPON_READY_03.wav,3.145,48000,24,-18.53,-1.92,PASS,
VO_EVA_AL_ENEMY_SUPERWEAPON_FIRED_02,Alliance,,02,,Content/RA4/Audio/EVA/Processed/Alliance/VO_EVA_AL_ENEMY_SUPERWEAPON_FIRED_02.wav,5.032,48000,24,-18.66,-1.92,PASS,
VO_EVA_AL_COMMAND_CENTER_DESTROYED_01,Alliance,,01,,Content/RA4/Audio/EVA/Processed/Alliance/VO_EVA_AL_COMMAND_CENTER_DESTROYED_01.wav,4.788,48000,24,-18.22,-1.92,PASS,
VO_EVA_AL_POWER_LOW_03,Alliance,,03,,Content/RA4/Audio/EVA/Processed/Alliance/VO_EVA_AL_POWER_LOW_03.wav,4.826,48000,24,-18.49,-1.92,PASS,
VO_EVA_AL_BASE_UNDER_ATTACK_04,Alliance,,04,,Content/RA4/Audio/EVA/Processed/Alliance/VO_EVA_AL_BASE_UNDER_ATTACK_04.wav,2.807,48000,24,-18.58,-1.92,PASS,
VO_EVA_AL_HARVESTER_UNDER_ATTACK_04,Alliance,,04,,Content/RA4/Audio/EVA/Processed/Alliance/VO_EVA_AL_HARVESTER_UNDER_ATTACK_04.wav,3.669,48000,24,-18.66,-1.92,PASS,
VO_Alliance_EVA_PlayerVictory,Alliance,,PlayerVictory,,Content/RA4/Audio/EVA/Processed/Alliance/VO_Alliance_EVA_PlayerVictory.wav,4.119,48000,24,-18.55,-1.92,PASS,
VO_EVA_AL_MOBILE_COMMAND_UNIT_DESTROYED_01,Alliance,,01,,Content/RA4/Audio/EVA/Processed/Alliance/VO_EVA_AL_MOBILE_COMMAND_UNIT_DESTROYED_01.wav,2.95,48000,24,-18.62,-1.92,PASS,
VO_EVA_AL_VEHICLE_READY_01,Alliance,,01,,Content/RA4/Audio/EVA/Processed/Alliance/VO_EVA_AL_VEHICLE_READY_01.wav,3.401,48000,24,-18.58,-1.92,PASS,
VO_EVA_AL_FACTION_RESOURCE_MAX_02,Alliance,,02,,Content/RA4/Audio/EVA/Processed/Alliance/VO_EVA_AL_FACTION_RESOURCE_MAX_02.wav,5.488,48000,24,-18.34,-1.92,PASS,
VO_EVA_AL_COMMAND_CAP_REACHED_01,Alliance,,01,,Content/RA4/Audio/EVA/Processed/Alliance/VO_EVA_AL_COMMAND_CAP_REACHED_01.wav,4.695,48000,24,-18.59,-1.92,PASS,
VO_EVA_AL_UNIT_READY_GENERIC_01,Alliance,,01,,Content/RA4/Audio/EVA/Processed/Alliance/VO_EVA_AL_UNIT_READY_GENERIC_01.wav,2.831,48000,24,-18.5,-1.92,PASS,
VO_EVA_AL_POWER_LOW_02,Alliance,,02,,Content/RA4/Audio/EVA/Processed/Alliance/VO_EVA_AL_POWER_LOW_02.wav,3.495,48000,24,-18.55,-1.92,PASS,
VO_EVA_AL_AIRCRAFT_READY_04,Alliance,,04,,Content/RA4/Audio/EVA/Processed/Alliance/VO_EVA_AL_AIRCRAFT_READY_04.wav,3.145,48000,24,-18.53,-1.92,PASS,
VO_EVA_AL_MATCH_START_02,Alliance,,02,,Content/RA4/Audio/EVA/Processed/Alliance/VO_EVA_AL_MATCH_START_02.wav,4.238,48000,24,-18.54,-1.92,PASS,
VO_EVA_AL_SUPERWEAPON_READY_02,Alliance,,02,,Content/RA4/Audio/EVA/Processed/Alliance/VO_EVA_AL_SUPERWEAPON_READY_02.wav,2.806,48000,24,-18.5,-1.92,PASS,
VO_EVA_AL_MATCH_VICTORY_02,Alliance,,02,,Content/RA4/Audio/EVA/Processed/Alliance/VO_EVA_AL_MATCH_VICTORY_02.wav,4.119,48000,24,-18.55,-1.92,PASS,
VO_Coalition_EVA_ChronoRiftDetected,Coalition,,ChronoRiftDetected,,Content/RA4/Audio/EVA/Processed/Coalition/VO_Coalition_EVA_ChronoRiftDetected.wav,4.451,48000,24,-18.35,-1.92,PASS,
VO_EVA_CO_SUPERWEAPON_READY_03,Coalition,,03,,Content/RA4/Audio/EVA/Processed/Coalition/VO_EVA_CO_SUPERWEAPON_READY_03.wav,3.331,48000,24,-18.4,-1.92,PASS,
VO_EVA_CO_STEALTH_UNIT_DETECTED_03,Coalition,,03,,Content/RA4/Audio/EVA/Processed/Coalition/VO_EVA_CO_STEALTH_UNIT_DETECTED_03.wav,3.331,48000,24,-18.4,-1.92,PASS,
VO_Coalition_EVA_PlayerVictory,Coalition,,PlayerVictory,,Content/RA4/Audio/EVA/Processed/Coalition/VO_Coalition_EVA_PlayerVictory.wav,4.363,48000,24,-18.38,-1.92,PASS,
VO_EVA_CO_CONSTRUCTION_CANCELLED_01,Coalition,,01,,Content/RA4/Audio/EVA/Processed/Coalition/VO_EVA_CO_CONSTRUCTION_CANCELLED_01.wav,2.007,48000,24,-18.33,-1.93,PASS,
VO_EVA_CO_BASE_UNDER_ATTACK_04,Coalition,,04,,Content/RA4/Audio/EVA/Processed/Coalition/VO_EVA_CO_BASE_UNDER_ATTACK_04.wav,3.739,48000,24,-18.43,-1.92,PASS,
VO_EVA_CO_BUILDING_UNDER_ATTACK_02,Coalition,,02,,Content/RA4/Audio/EVA/Processed/Coalition/VO_EVA_CO_BUILDING_UNDER_ATTACK_02.wav,2.476,48000,24,-18.38,-1.92,PASS,
VO_EVA_CO_UPGRADE_COMPLETE_01,Coalition,,01,,Content/RA4/Audio/EVA/Processed/Coalition/VO_EVA_CO_UPGRADE_COMPLETE_01.wav,3.057,48000,24,-18.46,-1.92,PASS,
VO_EVA_CO_AIRCRAFT_READY_04,Coalition,,04,,Content/RA4/Audio/EVA/Processed/Coalition/VO_EVA_CO_AIRCRAFT_READY_04.wav,3.669,48000,24,-18.43,-1.92,PASS,
VO_EVA_CO_BUILDING_UNDER_ATTACK_03,Coalition,,03,,Content/RA4/Audio/EVA/Processed/Coalition/VO_EVA_CO_BUILDING_UNDER_ATTACK_03.wav,2.982,48000,24,-18.37,-1.92,PASS,
VO_Coalition_EVA_BuildingConstructionComplete,Coalition,,BuildingConstructionComplete,,Content/RA4/Audio/EVA/Processed/Coalition/VO_Coalition_EVA_BuildingConstructionComplete.wav,4.313,48000,24,-18.41,-1.92,PASS,
VO_EVA_CO_STEALTH_UNIT_DETECTED_02,Coalition,,02,,Content/RA4/Audio/EVA/Processed/Coalition/VO_EVA_CO_STEALTH_UNIT_DETECTED_02.wav,4.076,48000,24,-18.14,-1.92,PASS,
VO_EVA_CO_SUPERWEAPON_READY_02,Coalition,,02,,Content/RA4/Audio/EVA/Processed/Coalition/VO_EVA_CO_SUPERWEAPON_READY_02.wav,2.838,48000,24,-18.38,-1.92,PASS,
VO_EVA_CO_RADAR_OFFLINE_01,Coalition,,01,,Content/RA4/Audio/EVA/Processed/Coalition/VO_EVA_CO_RADAR_OFFLINE_01.wav,3.488,48000,24,-18.19,-1.92,PASS,
VO_EVA_CO_RADAR_OFFLINE_03,Coalition,,03,,Content/RA4/Audio/EVA/Processed/Coalition/VO_EVA_CO_RADAR_OFFLINE_03.wav,2.807,48000,24,-18.38,-1.93,PASS,
VO_EVA_CO_CONSTRUCTION_CANCELLED_02,Coalition,,02,,Content/RA4/Audio/EVA/Processed/Coalition/VO_EVA_CO_CONSTRUCTION_CANCELLED_02.wav,2.682,48000,24,-18.41,-1.92,PASS,
VO_EVA_CO_BUILDING_UNDER_ATTACK_01,Coalition,,01,,Content/RA4/Audio/EVA/Processed/Coalition/VO_EVA_CO_BUILDING_UNDER_ATTACK_01.wav,2.595,48000,24,-18.37,-1.92,PASS,
VO_Coalition_EVA_BaseUnderAttack,Coalition,,BaseUnderAttack,,Content/RA4/Audio/EVA/Processed/Coalition/VO_Coalition_EVA_BaseUnderAttack.wav,4.769,48000,24,-18.38,-1.92,PASS,
VO_Coalition_EVA_SuperweaponReady,Coalition,,SuperweaponReady,,Content/RA4/Audio/EVA/Processed/Coalition/VO_Coalition_EVA_SuperweaponReady.wav,3.976,48000,24,-18.39,-1.92,PASS,
VO_EVA_CO_UPGRADE_COMPLETE_02,Coalition,,02,,Content/RA4/Audio/EVA/Processed/Coalition/VO_EVA_CO_UPGRADE_COMPLETE_02.wav,2.169,48000,24,-18.29,-1.92,PASS,
VO_EVA_CO_UPGRADE_COMPLETE_03,Coalition,,03,,Content/RA4/Audio/EVA/Processed/Coalition/VO_EVA_CO_UPGRADE_COMPLETE_03.wav,2.376,48000,24,-18.46,-1.92,PASS,
VO_EVA_CO_VEHICLE_READY_04,Coalition,,04,,Content/RA4/Audio/EVA/Processed/Coalition/VO_EVA_CO_VEHICLE_READY_04.wav,3.401,48000,24,-18.4,-1.92,PASS,
VO_EVA_CO_CONSTRUCTION_CANCELLED_03,Coalition,,03,,Content/RA4/Audio/EVA/Processed/Coalition/VO_EVA_CO_CONSTRUCTION_CANCELLED_03.wav,1.627,48000,24,-18.49,-1.92,PASS,
VO_EVA_CO_STEALTH_UNIT_DETECTED_01,Coalition,,01,,Content/RA4/Audio/EVA/Processed/Coalition/VO_EVA_CO_STEALTH_UNIT_DETECTED_01.wav,3.694,48000,24,-18.35,-1.92,PASS,
VO_EVA_CO_SUPERWEAPON_READY_01,Coalition,,01,,Content/RA4/Audio/EVA/Processed/Coalition/VO_EVA_CO_SUPERWEAPON_READY_01.wav,3.363,48000,24,-18.26,-1.92,PASS,
VO_EVA_CO_RADAR_OFFLINE_02,Coalition,,02,,Content/RA4/Audio/EVA/Processed/Coalition/VO_EVA_CO_RADAR_OFFLINE_02.wav,2.488,48000,24,-18.33,-1.92,PASS,
VO_EVA_CO_BASE_UNDER_ATTACK_02,Coalition,,02,,Content/RA4/Audio/EVA/Processed/Coalition/VO_EVA_CO_BASE_UNDER_ATTACK_02.wav,4.138,48000,24,-18.13,-1.92,PASS,
VO_EVA_CO_AIRCRAFT_READY_03,Coalition,,03,,Content/RA4/Audio/EVA/Processed/Coalition/VO_EVA_CO_AIRCRAFT_READY_03.wav,3.382,48000,24,-18.38,-1.92,PASS,
VO_EVA_CO_RESOURCES_DEPLETED_01,Coalition,,01,,Content/RA4/Audio/EVA/Processed/Coalition/VO_EVA_CO_RESOURCES_DEPLETED_01.wav,2.082,48000,24,-18.17,-1.92,PASS,
VO_EVA_CO_AIRCRAFT_READY_02,Coalition,,02,,Content/RA4/Audio/EVA/Processed/Coalition/VO_EVA_CO_AIRCRAFT_READY_02.wav,3.451,48000,24,-18.38,-1.92,PASS,
VO_EVA_CO_VEHICLE_READY_01,Coalition,,01,,Content/RA4/Audio/EVA/Processed/Coalition/VO_EVA_CO_VEHICLE_READY_01.wav,3.07,48000,24,-18.39,-1.92,PASS,
VO_EVA_CO_MOBILE_COMMAND_UNIT_DESTROYED_02,Coalition,,02,,Content/RA4/Audio/EVA/Processed/Coalition/VO_EVA_CO_MOBILE_COMMAND_UNIT_DESTROYED_02.wav,3.095,48000,24,-18.42,-1.92,PASS,
VO_EVA_CO_BASE_UNDER_ATTACK_03,Coalition,,03,,Content/RA4/Audio/EVA/Processed/Coalition/VO_EVA_CO_BASE_UNDER_ATTACK_03.wav,3.488,48000,24,-18.19,-1.92,PASS,
VO_EVA_CO_STEALTH_UNIT_DETECTED_04,Coalition,,04,,Content/RA4/Audio/EVA/Processed/Coalition/VO_EVA_CO_STEALTH_UNIT_DETECTED_04.wav,2.806,48000,24,-18.33,-1.92,PASS,
VO_EVA_CO_MATCH_VICTORY_02,Coalition,,02,,Content/RA4/Audio/EVA/Processed/Coalition/VO_EVA_CO_MATCH_VICTORY_02.wav,4.051,48000,24,-18.4,-1.92,PASS,
VO_EVA_CO_BASE_UNDER_ATTACK_01,Coalition,,01,,Content/RA4/Audio/EVA/Processed/Coalition/VO_EVA_CO_BASE_UNDER_ATTACK_01.wav,3.488,48000,24,-18.19,-1.92,PASS,
VO_EVA_CO_VEHICLE_READY_03,Coalition,,03,,Content/RA4/Audio/EVA/Processed/Coalition/VO_EVA_CO_VEHICLE_READY_03.wav,3.401,48000,24,-18.4,-1.92,PASS,
VO_EVA_CO_RESOURCES_DEPLETED_02,Coalition,,02,,Content/RA4/Audio/EVA/Processed/Coalition/VO_EVA_CO_RESOURCES_DEPLETED_02.wav,4.119,48000,24,-18.37,-1.92,PASS,
VO_EVA_CO_RESOURCES_DEPLETED_03,Coalition,,03,,Content/RA4/Audio/EVA/Processed/Coalition/VO_EVA_CO_RESOURCES_DEPLETED_03.wav,3.12,48000,24,-18.36,-1.92,PASS,
VO_EVA_CO_AIRCRAFT_READY_01,Coalition,,01,,Content/RA4/Audio/EVA/Processed/Coalition/VO_EVA_CO_AIRCRAFT_READY_01.wav,3.669,48000,24,-18.44,-1.92,PASS,
VO_EVA_CO_VEHICLE_READY_02,Coalition,,02,,Content/RA4/Audio/EVA/Processed/Coalition/VO_EVA_CO_VEHICLE_READY_02.wav,3.382,48000,24,-18.38,-1.92,PASS,
VO_EVA_CO_MOBILE_COMMAND_UNIT_DESTROYED_01,Coalition,,01,,Content/RA4/Audio/EVA/Processed/Coalition/VO_EVA_CO_MOBILE_COMMAND_UNIT_DESTROYED_01.wav,2.832,48000,24,-18.25,-1.92,PASS,
VO_EVA_CO_MATCH_VICTORY_01,Coalition,,01,,Content/RA4/Audio/EVA/Processed/Coalition/VO_EVA_CO_MATCH_VICTORY_01.wav,4.119,48000,24,-18.36,-1.92,PASS,
VO_EVA_CO_COMMAND_CENTER_DESTROYED_01,Coalition,,01,,Content/RA4/Audio/EVA/Processed/Coalition/VO_EVA_CO_COMMAND_CENTER_DESTROYED_01.wav,4.119,48000,24,-18.36,-1.92,PASS,
VO_EVA_CO_POWER_LOW_04,Coalition,,04,,Content/RA4/Audio/EVA/Processed/Coalition/VO_EVA_CO_POWER_LOW_04.wav,2.982,48000,24,-18.37,-1.92,PASS,
VO_EVA_CO_COMMAND_CENTER_DESTROYED_02,Coalition,,02,,Content/RA4/Audio/EVA/Processed/Coalition/VO_EVA_CO_COMMAND_CENTER_DESTROYED_02.wav,3.026,48000,24,-18.45,-1.92,PASS,
VO_EVA_CO_POWER_LOW_03,Coalition,,03,,Content/RA4/Audio/EVA/Processed/Coalition/VO_EVA_CO_POWER_LOW_03.wav,3.282,48000,24,-18.35,-1.92,PASS,
VO_EVA_CO_FACTION_ABILITY_ACTIVATED_01,Coalition,,01,,Content/RA4/Audio/EVA/Processed/Coalition/VO_EVA_CO_FACTION_ABILITY_ACTIVATED_01.wav,2.595,48000,24,-18.37,-1.92,PASS,
VO_Coalition_EVA_ResourcesLow,Coalition,,ResourcesLow,,Content/RA4/Audio/EVA/Processed/Coalition/VO_Coalition_EVA_ResourcesLow.wav,3.819,48000,24,-18.3,-1.92,PASS,
VO_EVA_CO_POWER_LOW_02,Coalition,,02,,Content/RA4/Audio/EVA/Processed/Coalition/VO_EVA_CO_POWER_LOW_02.wav,3.145,48000,24,-18.34,-1.92,PASS,
VO_EVA_CO_FACTION_ABILITY_ACTIVATED_02,Coalition,,02,,Content/RA4/Audio/EVA/Processed/Coalition/VO_EVA_CO_FACTION_ABILITY_ACTIVATED_02.wav,3.607,48000,24,-18.37,-1.92,PASS,
VO_EVA_CO_FACTION_ABILITY_ACTIVATED_03,Coalition,,03,,Content/RA4/Audio/EVA/Processed/Coalition/VO_EVA_CO_FACTION_ABILITY_ACTIVATED_03.wav,2.807,48000,24,-18.38,-1.92,PASS,
VO_Coalition_EVA_PlayerDefeat,Coalition,,PlayerDefeat,,Content/RA4/Audio/EVA/Processed/Coalition/VO_Coalition_EVA_PlayerDefeat.wav,3.913,48000,24,-18.36,-1.92,PASS,
VO_EVA_CO_POWER_LOW_01,Coalition,,01,,Content/RA4/Audio/EVA/Processed/Coalition/VO_EVA_CO_POWER_LOW_01.wav,2.751,48000,24,-18.39,-1.92,PASS,
VO_EVA_CO_ENEMY_SUPERWEAPON_FIRED_01,Coalition,,01,,Content/RA4/Audio/EVA/Processed/Coalition/VO_EVA_CO_ENEMY_SUPERWEAPON_FIRED_01.wav,3.057,48000,24,-18.46,-1.92,PASS,
VO_EVA_CO_HERO_LOST_02,Coalition,,02,,Content/RA4/Audio/EVA/Processed/Coalition/VO_EVA_CO_HERO_LOST_02.wav,3.17,48000,24,-18.39,-1.92,PASS,
VO_EVA_CO_STRUCTURE_SOLD_02,Coalition,,02,,Content/RA4/Audio/EVA/Processed/Coalition/VO_EVA_CO_STRUCTURE_SOLD_02.wav,2.007,48000,24,-18.33,-1.92,PASS,
VO_EVA_CO_SUPERWEAPON_COUNTDOWN_STARTED_02,Coalition,,02,,Content/RA4/Audio/EVA/Processed/Coalition/VO_EVA_CO_SUPERWEAPON_COUNTDOWN_STARTED_02.wav,3.832,48000,24,-18.34,-1.92,PASS,
VO_EVA_CO_CONSTRUCTION_COMPLETE_04,Coalition,,04,,Content/RA4/Audio/EVA/Processed/Coalition/VO_EVA_CO_CONSTRUCTION_COMPLETE_04.wav,2.488,48000,24,-18.33,-1.92,PASS,
VO_EVA_CO_HARVESTER_UNDER_ATTACK_04,Coalition,,04,,Content/RA4/Audio/EVA/Processed/Coalition/VO_EVA_CO_HARVESTER_UNDER_ATTACK_04.wav,3.232,48000,24,-18.36,-1.92,PASS,
VO_EVA_CO_UNIT_READY_GENERIC_01,Coalition,,01,,Content/RA4/Audio/EVA/Processed/Coalition/VO_EVA_CO_UNIT_READY_GENERIC_01.wav,2.489,48000,24,-18.41,-1.93,PASS,
VO_EVA_CO_NAVAL_UNIT_READY_01,Coalition,,01,,Content/RA4/Audio/EVA/Processed/Coalition/VO_EVA_CO_NAVAL_UNIT_READY_01.wav,2.67,48000,24,-18.45,-1.92,PASS,
VO_EVA_CO_SUPERWEAPON_COUNTDOWN_STARTED_03,Coalition,,03,,Content/RA4/Audio/EVA/Processed/Coalition/VO_EVA_CO_SUPERWEAPON_COUNTDOWN_STARTED_03.wav,3.694,48000,24,-18.35,-1.92,PASS,
VO_EVA_CO_STRUCTURE_SOLD_03,Coalition,,03,,Content/RA4/Audio/EVA/Processed/Coalition/VO_EVA_CO_STRUCTURE_SOLD_03.wav,2.257,48000,24,-18.39,-1.92,PASS,
VO_EVA_CO_OWN_SUPERWEAPON_FIRED_01,Coalition,,01,,Content/RA4/Audio/EVA/Processed/Coalition/VO_EVA_CO_OWN_SUPERWEAPON_FIRED_01.wav,2.826,48000,24,-18.29,-1.92,PASS,
VO_EVA_CO_ENEMY_SUPERWEAPON_FIRED_02,Coalition,,02,,Content/RA4/Audio/EVA/Processed/Coalition/VO_EVA_CO_ENEMY_SUPERWEAPON_FIRED_02.wav,4.576,48000,24,-18.34,-1.92,PASS,
VO_EVA_CO_HERO_LOST_01,Coalition,,01,,Content/RA4/Audio/EVA/Processed/Coalition/VO_EVA_CO_HERO_LOST_01.wav,2.825,48000,24,-18.38,-1.92,PASS,
VO_EVA_CO_STRUCTURE_SOLD_01,Coalition,,01,,Content/RA4/Audio/EVA/Processed/Coalition/VO_EVA_CO_STRUCTURE_SOLD_01.wav,2.445,48000,24,-18.4,-1.92,PASS,
VO_EVA_CO_SUPERWEAPON_COUNTDOWN_STARTED_01,Coalition,,01,,Content/RA4/Audio/EVA/Processed/Coalition/VO_EVA_CO_SUPERWEAPON_COUNTDOWN_STARTED_01.wav,4.281,48000,24,-18.37,-1.92,PASS,
VO_EVA_CO_NAVAL_UNIT_READY_03,Coalition,,03,,Content/RA4/Audio/EVA/Processed/Coalition/VO_EVA_CO_NAVAL_UNIT_READY_03.wav,3.488,48000,24,-18.19,-1.92,PASS,
VO_Coalition_EVA_GameStart,Coalition,,GameStart,,Content/RA4/Audio/EVA/Processed/Coalition/VO_Coalition_EVA_GameStart.wav,4.788,48000,24,-18.07,-1.92,PASS,
VO_EVA_CO_UNIT_READY_GENERIC_03,Coalition,,03,,Content/RA4/Audio/EVA/Processed/Coalition/VO_EVA_CO_UNIT_READY_GENERIC_03.wav,2.488,48000,24,-18.33,-1.92,PASS,
VO_EVA_CO_UNIT_READY_GENERIC_02,Coalition,,02,,Content/RA4/Audio/EVA/Processed/Coalition/VO_EVA_CO_UNIT_READY_GENERIC_02.wav,3.832,48000,24,-18.34,-1.92,PASS,
VO_EVA_CO_NAVAL_UNIT_READY_02,Coalition,,02,,Content/RA4/Audio/EVA/Processed/Coalition/VO_EVA_CO_NAVAL_UNIT_READY_02.wav,3.382,48000,24,-18.38,-1.92,PASS,
VO_EVA_CO_OWN_SUPERWEAPON_FIRED_02,Coalition,,02,,Content/RA4/Audio/EVA/Processed/Coalition/VO_EVA_CO_OWN_SUPERWEAPON_FIRED_02.wav,3.913,48000,24,-18.36,-1.92,PASS,
VO_EVA_CO_CONSTRUCTION_COMPLETE_02,Coalition,,02,,Content/RA4/Audio/EVA/Processed/Coalition/VO_EVA_CO_CONSTRUCTION_COMPLETE_02.wav,3.12,48000,24,-18.36,-1.92,PASS,
VO_EVA_CO_HARVESTER_UNDER_ATTACK_02,Coalition,,02,,Content/RA4/Audio/EVA/Processed/Coalition/VO_EVA_CO_HARVESTER_UNDER_ATTACK_02.wav,3.463,48000,24,-18.36,-1.92,PASS,
VO_EVA_CO_HARVESTER_UNDER_ATTACK_03,Coalition,,03,,Content/RA4/Audio/EVA/Processed/Coalition/VO_EVA_CO_HARVESTER_UNDER_ATTACK_03.wav,2.476,48000,24,-18.38,-1.92,PASS,
VO_EVA_CO_CONSTRUCTION_COMPLETE_03,Coalition,,03,,Content/RA4/Audio/EVA/Processed/Coalition/VO_EVA_CO_CONSTRUCTION_COMPLETE_03.wav,3.282,48000,24,-18.36,-1.92,PASS,
VO_EVA_CO_FACTION_ABILITY_READY_01,Coalition,,01,,Content/RA4/Audio/EVA/Processed/Coalition/VO_EVA_CO_FACTION_ABILITY_READY_01.wav,3.026,48000,24,-18.45,-1.92,PASS,
VO_EVA_CO_FACTION_ABILITY_READY_03,Coalition,,03,,Content/RA4/Audio/EVA/Processed/Coalition/VO_EVA_CO_FACTION_ABILITY_READY_03.wav,3.12,48000,24,-18.36,-1.92,PASS,
VO_EVA_CO_CONSTRUCTION_COMPLETE_01,Coalition,,01,,Content/RA4/Audio/EVA/Processed/Coalition/VO_EVA_CO_CONSTRUCTION_COMPLETE_01.wav,2.445,48000,24,-18.4,-1.92,PASS,
VO_EVA_CO_HARVESTER_UNDER_ATTACK_01,Coalition,,01,,Content/RA4/Audio/EVA/Processed/Coalition/VO_EVA_CO_HARVESTER_UNDER_ATTACK_01.wav,3.669,48000,24,-18.43,-1.92,PASS,
VO_EVA_CO_UNIT_READY_GENERIC_04,Coalition,,04,,Content/RA4/Audio/EVA/Processed/Coalition/VO_EVA_CO_UNIT_READY_GENERIC_04.wav,3.163,48000,24,-18.38,-1.92,PASS,
VO_EVA_CO_NAVAL_UNIT_READY_04,Coalition,,04,,Content/RA4/Audio/EVA/Processed/Coalition/VO_EVA_CO_NAVAL_UNIT_READY_04.wav,3.12,48000,24,-18.36,-1.92,PASS,
VO_Coalition_EVA_NuclearLaunchDetected,Coalition,,NuclearLaunchDetected,,Content/RA4/Audio/EVA/Processed/Coalition/VO_Coalition_EVA_NuclearLaunchDetected.wav,5.138,48000,24,-18.35,-1.92,PASS,
VO_EVA_CO_FACTION_ABILITY_READY_02,Coalition,,02,,Content/RA4/Audio/EVA/Processed/Coalition/VO_EVA_CO_FACTION_ABILITY_READY_02.wav,2.445,48000,24,-18.4,-1.92,PASS,
VO_EVA_CO_FACTION_RESOURCE_MAX_01,Coalition,,01,,Content/RA4/Audio/EVA/Processed/Coalition/VO_EVA_CO_FACTION_RESOURCE_MAX_01.wav,2.95,48000,24,-18.39,-1.92,PASS,
VO_EVA_CO_INFANTRY_READY_04,Coalition,,04,,Content/RA4/Audio/EVA/Processed/Coalition/VO_EVA_CO_INFANTRY_READY_04.wav,3.581,48000,24,-18.35,-1.92,PASS,
VO_EVA_CO_MATCH_START_01,Coalition,,01,,Content/RA4/Audio/EVA/Processed/Coalition/VO_EVA_CO_MATCH_START_01.wav,4.644,48000,24,-18.33,-1.92,PASS,
VO_EVA_CO_MATCH_DEFEAT_02,Coalition,,02,,Content/RA4/Audio/EVA/Processed/Coalition/VO_EVA_CO_MATCH_DEFEAT_02.wav,4.489,48000,24,-18.33,-1.92,PASS,
VO_EVA_CO_COMMAND_CAP_REACHED_04,Coalition,,04,,Content/RA4/Audio/EVA/Processed/Coalition/VO_EVA_CO_COMMAND_CAP_REACHED_04.wav,1.926,48000,24,-18.4,-1.92,PASS,
VO_Coalition_EVA_UnitReady,Coalition,,UnitReady,,Content/RA4/Audio/EVA/Processed/Coalition/VO_Coalition_EVA_UnitReady.wav,3.581,48000,24,-18.35,-1.92,PASS,
VO_EVA_CO_FACTION_RESOURCE_MAX_02,Coalition,,02,,Content/RA4/Audio/EVA/Processed/Coalition/VO_EVA_CO_FACTION_RESOURCE_MAX_02.wav,5.907,48000,24,-18.36,-1.92,PASS,
VO_EVA_CO_INSUFFICIENT_FUNDS_04,Coalition,,04,,Content/RA4/Audio/EVA/Processed/Coalition/VO_EVA_CO_INSUFFICIENT_FUNDS_04.wav,4.281,48000,24,-18.37,-1.92,PASS,
VO_EVA_CO_MATCH_START_02,Coalition,,02,,Content/RA4/Audio/EVA/Processed/Coalition/VO_EVA_CO_MATCH_START_02.wav,4.733,48000,24,-18.35,-1.92,PASS,
VO_EVA_CO_MATCH_DEFEAT_01,Coalition,,01,,Content/RA4/Audio/EVA/Processed/Coalition/VO_EVA_CO_MATCH_DEFEAT_01.wav,3.913,48000,24,-18.36,-1.92,PASS,
VO_EVA_CO_ALLIED_BASE_UNDER_ATTACK_01,Coalition,,01,,Content/RA4/Audio/EVA/Processed/Coalition/VO_EVA_CO_ALLIED_BASE_UNDER_ATTACK_01.wav,3.095,48000,24,-18.42,-1.92,PASS,
VO_EVA_CO_INSUFFICIENT_FUNDS_01,Coalition,,01,,Content/RA4/Audio/EVA/Processed/Coalition/VO_EVA_CO_INSUFFICIENT_FUNDS_01.wav,3.739,48000,24,-18.43,-1.92,PASS,
VO_EVA_CO_INFANTRY_READY_02,Coalition,,02,,Content/RA4/Audio/EVA/Processed/Coalition/VO_EVA_CO_INFANTRY_READY_02.wav,2.489,48000,24,-18.41,-1.92,PASS,
VO_EVA_CO_COMMAND_CAP_REACHED_02,Coalition,,02,,Content/RA4/Audio/EVA/Processed/Coalition/VO_EVA_CO_COMMAND_CAP_REACHED_02.wav,3.119,48000,24,-18.48,-1.92,PASS,
VO_EVA_CO_COMMAND_CAP_REACHED_03,Coalition,,03,,Content/RA4/Audio/EVA/Processed/Coalition/VO_EVA_CO_COMMAND_CAP_REACHED_03.wav,5.251,48000,24,-18.36,-1.92,PASS,
VO_EVA_CO_INFANTRY_READY_03,Coalition,,03,,Content/RA4/Audio/EVA/Processed/Coalition/VO_EVA_CO_INFANTRY_READY_03.wav,3.669,48000,24,-18.43,-1.92,PASS,
VO_EVA_CO_ALLIED_BASE_UNDER_ATTACK_02,Coalition,,02,,Content/RA4/Audio/EVA/Processed/Coalition/VO_EVA_CO_ALLIED_BASE_UNDER_ATTACK_02.wav,2.976,48000,24,-18.37,-1.92,PASS,
VO_EVA_CO_INSUFFICIENT_FUNDS_02,Coalition,,02,,Content/RA4/Audio/EVA/Processed/Coalition/VO_EVA_CO_INSUFFICIENT_FUNDS_02.wav,3.581,48000,24,-18.35,-1.92,PASS,
VO_EVA_CO_INFANTRY_READY_01,Coalition,,01,,Content/RA4/Audio/EVA/Processed/Coalition/VO_EVA_CO_INFANTRY_READY_01.wav,3.163,48000,24,-18.38,-1.92,PASS,
VO_EVA_CO_COMMAND_CAP_REACHED_01,Coalition,,01,,Content/RA4/Audio/EVA/Processed/Coalition/VO_EVA_CO_COMMAND_CAP_REACHED_01.wav,3.669,48000,24,-18.43,-1.92,PASS,
VO_EVA_CO_INSUFFICIENT_FUNDS_03,Coalition,,03,,Content/RA4/Audio/EVA/Processed/Coalition/VO_EVA_CO_INSUFFICIENT_FUNDS_03.wav,3.095,48000,24,-18.42,-1.92,PASS,
VO_EVA_CO_ALLIED_BASE_UNDER_ATTACK_03,Coalition,,03,,Content/RA4/Audio/EVA/Processed/Coalition/VO_EVA_CO_ALLIED_BASE_UNDER_ATTACK_03.wav,4.001,48000,24,-18.3,-1.92,PASS,
VO_EVA_SU_FACTION_ABILITY_READY_02,Soviet,,02,,Content/RA4/Audio/EVA/Processed/Soviet/VO_EVA_SU_FACTION_ABILITY_READY_02.wav,3.909,48000,24,-18.26,-1.92,PASS,
VO_EVA_SU_AIRCRAFT_READY_01,Soviet,,01,,Content/RA4/Audio/EVA/Processed/Soviet/VO_EVA_SU_AIRCRAFT_READY_01.wav,3.687,48000,24,-18.24,-1.92,PASS,
VO_EVA_SU_UPGRADE_COMPLETE_02,Soviet,,02,,Content/RA4/Audio/EVA/Processed/Soviet/VO_EVA_SU_UPGRADE_COMPLETE_02.wav,3.909,48000,24,-18.26,-1.92,PASS,
VO_EVA_SU_CONSTRUCTION_COMPLETE_01,Soviet,,01,,Content/RA4/Audio/EVA/Processed/Soviet/VO_EVA_SU_CONSTRUCTION_COMPLETE_01.wav,2.679,48000,24,-18.3,-1.92,PASS,
VO_EVA_SU_UPGRADE_COMPLETE_03,Soviet,,03,,Content/RA4/Audio/EVA/Processed/Soviet/VO_EVA_SU_UPGRADE_COMPLETE_03.wav,2.597,48000,24,-18.26,-1.92,PASS,
VO_EVA_SU_FACTION_ABILITY_READY_03,Soviet,,03,,Content/RA4/Audio/EVA/Processed/Soviet/VO_EVA_SU_FACTION_ABILITY_READY_03.wav,3.575,48000,24,-18.24,-1.92,PASS,
VO_EVA_SU_FACTION_ABILITY_READY_01,Soviet,,01,,Content/RA4/Audio/EVA/Processed/Soviet/VO_EVA_SU_FACTION_ABILITY_READY_01.wav,2.419,48000,24,-18.26,-1.92,PASS,
VO_EVA_SU_AIRCRAFT_READY_02,Soviet,,02,,Content/RA4/Audio/EVA/Processed/Soviet/VO_EVA_SU_AIRCRAFT_READY_02.wav,3.116,48000,24,-18.24,-1.92,PASS,
VO_EVA_SU_COMMAND_CAP_REACHED_04,Soviet,,04,,Content/RA4/Audio/EVA/Processed/Soviet/VO_EVA_SU_COMMAND_CAP_REACHED_04.wav,4.383,48000,24,-18.33,-1.92,PASS,
VO_EVA_SU_UPGRADE_COMPLETE_01,Soviet,,01,,Content/RA4/Audio/EVA/Processed/Soviet/VO_EVA_SU_UPGRADE_COMPLETE_01.wav,3.634,48000,24,-18.26,-1.92,PASS,
VO_EVA_SU_CONSTRUCTION_COMPLETE_03,Soviet,,03,,Content/RA4/Audio/EVA/Processed/Soviet/VO_EVA_SU_CONSTRUCTION_COMPLETE_03.wav,3.665,48000,24,-18.32,-1.92,PASS,
VO_EVA_SU_CONSTRUCTION_COMPLETE_02,Soviet,,02,,Content/RA4/Audio/EVA/Processed/Soviet/VO_EVA_SU_CONSTRUCTION_COMPLETE_02.wav,2.827,48000,24,-18.14,-1.92,PASS,
VO_EVA_SU_INSUFFICIENT_FUNDS_04,Soviet,,04,,Content/RA4/Audio/EVA/Processed/Soviet/VO_EVA_SU_INSUFFICIENT_FUNDS_04.wav,3.493,48000,24,-18.22,-1.92,PASS,
VO_EVA_SU_AIRCRAFT_READY_03,Soviet,,03,,Content/RA4/Audio/EVA/Processed/Soviet/VO_EVA_SU_AIRCRAFT_READY_03.wav,2.16,48000,24,-18.31,-1.92,PASS,
VO_EVA_SU_OWN_SUPERWEAPON_FIRED_02,Soviet,,02,,Content/RA4/Audio/EVA/Processed/Soviet/VO_EVA_SU_OWN_SUPERWEAPON_FIRED_02.wav,3.761,48000,24,-18.22,-1.92,PASS,
VO_EVA_SU_COMMAND_CAP_REACHED_01,Soviet,,01,,Content/RA4/Audio/EVA/Processed/Soviet/VO_EVA_SU_COMMAND_CAP_REACHED_01.wav,5.161,48000,24,-18.26,-1.92,PASS,
VO_Soviet_EVA_SuperweaponReady,Soviet,,SuperweaponReady,,Content/RA4/Audio/EVA/Processed/Soviet/VO_Soviet_EVA_SuperweaponReady.wav,3.834,48000,24,-18.25,-1.92,PASS,
VO_Soviet_EVA_ChronoRiftDetected,Soviet,,ChronoRiftDetected,,Content/RA4/Audio/EVA/Processed/Soviet/VO_Soviet_EVA_ChronoRiftDetected.wav,4.745,48000,24,-18.26,-1.92,PASS,
VO_EVA_SU_INSUFFICIENT_FUNDS_01,Soviet,,01,,Content/RA4/Audio/EVA/Processed/Soviet/VO_EVA_SU_INSUFFICIENT_FUNDS_01.wav,2.945,48000,24,-18.28,-1.92,PASS,
VO_EVA_SU_OWN_SUPERWEAPON_FIRED_01,Soviet,,01,,Content/RA4/Audio/EVA/Processed/Soviet/VO_EVA_SU_OWN_SUPERWEAPON_FIRED_01.wav,3.575,48000,24,-18.24,-1.92,PASS,
VO_EVA_SU_AIRCRAFT_READY_04,Soviet,,04,,Content/RA4/Audio/EVA/Processed/Soviet/VO_EVA_SU_AIRCRAFT_READY_04.wav,3.027,48000,24,-18.34,-1.92,PASS,
VO_EVA_SU_INSUFFICIENT_FUNDS_03,Soviet,,03,,Content/RA4/Audio/EVA/Processed/Soviet/VO_EVA_SU_INSUFFICIENT_FUNDS_03.wav,2.642,48000,24,-18.24,-1.92,PASS,
VO_EVA_SU_COMMAND_CAP_REACHED_02,Soviet,,02,,Content/RA4/Audio/EVA/Processed/Soviet/VO_EVA_SU_COMMAND_CAP_REACHED_02.wav,4.16,48000,24,-18.23,-1.92,PASS,
VO_EVA_SU_CONSTRUCTION_COMPLETE_04,Soviet,,04,,Content/RA4/Audio/EVA/Processed/Soviet/VO_EVA_SU_CONSTRUCTION_COMPLETE_04.wav,2.361,48000,24,-18.29,-1.92,PASS,
VO_EVA_SU_COMMAND_CAP_REACHED_03,Soviet,,03,,Content/RA4/Audio/EVA/Processed/Soviet/VO_EVA_SU_COMMAND_CAP_REACHED_03.wav,2.997,48000,24,-18.28,-1.92,PASS,
VO_Soviet_EVA_UnitReady,Soviet,,UnitReady,,Content/RA4/Audio/EVA/Processed/Soviet/VO_Soviet_EVA_UnitReady.wav,4.094,48000,24,-18.24,-1.92,PASS,
VO_EVA_SU_INSUFFICIENT_FUNDS_02,Soviet,,02,,Content/RA4/Audio/EVA/Processed/Soviet/VO_EVA_SU_INSUFFICIENT_FUNDS_02.wav,2.804,48000,24,-18.23,-1.92,PASS,
VO_EVA_SU_SUPERWEAPON_READY_02,Soviet,,02,,Content/RA4/Audio/EVA/Processed/Soviet/VO_EVA_SU_SUPERWEAPON_READY_02.wav,2.717,48000,24,-18.14,-1.92,PASS,
VO_Soviet_EVA_BuildingConstructionComplete,Soviet,,BuildingConstructionComplete,,Content/RA4/Audio/EVA/Processed/Soviet/VO_Soviet_EVA_BuildingConstructionComplete.wav,4.168,48000,24,-18.18,-1.92,PASS,
VO_EVA_SU_SUPERWEAPON_COUNTDOWN_STARTED_01,Soviet,,01,,Content/RA4/Audio/EVA/Processed/Soviet/VO_EVA_SU_SUPERWEAPON_COUNTDOWN_STARTED_01.wav,4.168,48000,24,-18.18,-1.92,PASS,
VO_EVA_SU_UNIT_READY_GENERIC_01,Soviet,,01,,Content/RA4/Audio/EVA/Processed/Soviet/VO_EVA_SU_UNIT_READY_GENERIC_01.wav,2.812,48000,24,-18.27,-1.92,PASS,
VO_EVA_SU_ALLIED_BASE_UNDER_ATTACK_01,Soviet,,01,,Content/RA4/Audio/EVA/Processed/Soviet/VO_EVA_SU_ALLIED_BASE_UNDER_ATTACK_01.wav,2.975,48000,24,-18.27,-1.92,PASS,
VO_EVA_SU_BASE_UNDER_ATTACK_04,Soviet,,04,,Content/RA4/Audio/EVA/Processed/Soviet/VO_EVA_SU_BASE_UNDER_ATTACK_04.wav,2.975,48000,24,-18.27,-1.92,PASS,
VO_EVA_SU_CONSTRUCTION_CANCELLED_01,Soviet,,01,,Content/RA4/Audio/EVA/Processed/Soviet/VO_EVA_SU_CONSTRUCTION_CANCELLED_01.wav,2.005,48000,24,-18.23,-1.92,PASS,
VO_EVA_SU_HERO_LOST_02,Soviet,,02,,Content/RA4/Audio/EVA/Processed/Soviet/VO_EVA_SU_HERO_LOST_02.wav,4.02,48000,24,-18.26,-1.92,PASS,
VO_EVA_SU_SUPERWEAPON_READY_03,Soviet,,03,,Content/RA4/Audio/EVA/Processed/Soviet/VO_EVA_SU_SUPERWEAPON_READY_03.wav,3.486,48000,24,-18.0,-1.21,PASS,
VO_EVA_SU_SUPERWEAPON_READY_01,Soviet,,01,,Content/RA4/Audio/EVA/Processed/Soviet/VO_EVA_SU_SUPERWEAPON_READY_01.wav,3.611,48000,24,-18.26,-1.92,PASS,
VO_EVA_SU_SUPERWEAPON_COUNTDOWN_STARTED_02,Soviet,,02,,Content/RA4/Audio/EVA/Processed/Soviet/VO_EVA_SU_SUPERWEAPON_COUNTDOWN_STARTED_02.wav,3.464,48000,24,-18.25,-1.92,PASS,
VO_EVA_SU_UNIT_READY_GENERIC_02,Soviet,,02,,Content/RA4/Audio/EVA/Processed/Soviet/VO_EVA_SU_UNIT_READY_GENERIC_02.wav,1.96,48000,24,-18.33,-1.92,PASS,
VO_EVA_SU_CONSTRUCTION_CANCELLED_03,Soviet,,03,,Content/RA4/Audio/EVA/Processed/Soviet/VO_EVA_SU_CONSTRUCTION_CANCELLED_03.wav,2.597,48000,24,-18.26,-1.92,PASS,
VO_EVA_SU_ALLIED_BASE_UNDER_ATTACK_02,Soviet,,02,,Content/RA4/Audio/EVA/Processed/Soviet/VO_EVA_SU_ALLIED_BASE_UNDER_ATTACK_02.wav,3.145,48000,24,-18.24,-1.92,PASS,
VO_EVA_SU_ALLIED_BASE_UNDER_ATTACK_03,Soviet,,03,,Content/RA4/Audio/EVA/Processed/Soviet/VO_EVA_SU_ALLIED_BASE_UNDER_ATTACK_03.wav,3.161,48000,24,-18.27,-1.92,PASS,
VO_EVA_SU_CONSTRUCTION_CANCELLED_02,Soviet,,02,,Content/RA4/Audio/EVA/Processed/Soviet/VO_EVA_SU_CONSTRUCTION_CANCELLED_02.wav,2.448,48000,24,-18.3,-1.92,PASS,
VO_EVA_SU_UNIT_READY_GENERIC_03,Soviet,,03,,Content/RA4/Audio/EVA/Processed/Soviet/VO_EVA_SU_UNIT_READY_GENERIC_03.wav,2.502,48000,24,-18.26,-1.92,PASS,
VO_EVA_SU_HERO_LOST_01,Soviet,,01,,Content/RA4/Audio/EVA/Processed/Soviet/VO_EVA_SU_HERO_LOST_01.wav,3.835,48000,24,-18.24,-1.92,PASS,
VO_EVA_SU_SUPERWEAPON_COUNTDOWN_STARTED_03,Soviet,,03,,Content/RA4/Audio/EVA/Processed/Soviet/VO_EVA_SU_SUPERWEAPON_COUNTDOWN_STARTED_03.wav,3.501,48000,24,-18.26,-1.92,PASS,
VO_Soviet_EVA_GameStart,Soviet,,GameStart,,Content/RA4/Audio/EVA/Processed/Soviet/VO_Soviet_EVA_GameStart.wav,5.293,48000,24,-18.24,-1.92,PASS,
VO_EVA_SU_BASE_UNDER_ATTACK_03,Soviet,,03,,Content/RA4/Audio/EVA/Processed/Soviet/VO_EVA_SU_BASE_UNDER_ATTACK_03.wav,3.665,48000,24,-18.32,-1.92,PASS,
VO_Soviet_EVA_PlayerVictory,Soviet,,PlayerVictory,,Content/RA4/Audio/EVA/Processed/Soviet/VO_Soviet_EVA_PlayerVictory.wav,4.168,48000,24,-18.18,-1.92,PASS,
VO_EVA_SU_BASE_UNDER_ATTACK_02,Soviet,,02,,Content/RA4/Audio/EVA/Processed/Soviet/VO_EVA_SU_BASE_UNDER_ATTACK_02.wav,3.361,48000,24,-18.17,-1.92,PASS,
VO_EVA_SU_UNIT_READY_GENERIC_04,Soviet,,04,,Content/RA4/Audio/EVA/Processed/Soviet/VO_EVA_SU_UNIT_READY_GENERIC_04.wav,2.301,48000,24,-18.32,-1.92,PASS,
VO_EVA_SU_BASE_UNDER_ATTACK_01,Soviet,,01,,Content/RA4/Audio/EVA/Processed/Soviet/VO_EVA_SU_BASE_UNDER_ATTACK_01.wav,3.665,48000,24,-18.32,-1.92,PASS,
VO_EVA_SU_POWER_LOW_04,Soviet,,04,,Content/RA4/Audio/EVA/Processed/Soviet/VO_EVA_SU_POWER_LOW_04.wav,3.486,48000,24,-18.0,-1.21,PASS,
VO_EVA_SU_NAVAL_UNIT_READY_03,Soviet,,03,,Content/RA4/Audio/EVA/Processed/Soviet/VO_EVA_SU_NAVAL_UNIT_READY_03.wav,3.138,48000,24,-18.31,-1.92,PASS,
VO_Soviet_EVA_BaseUnderAttack,Soviet,,BaseUnderAttack,,Content/RA4/Audio/EVA/Processed/Soviet/VO_Soviet_EVA_BaseUnderAttack.wav,4.804,48000,24,-18.24,-1.92,PASS,
VO_EVA_SU_FACTION_RESOURCE_MAX_02,Soviet,,02,,Content/RA4/Audio/EVA/Processed/Soviet/VO_EVA_SU_FACTION_RESOURCE_MAX_02.wav,4.465,48000,24,-18.25,-1.92,PASS,
VO_EVA_SU_NAVAL_UNIT_READY_02,Soviet,,02,,Content/RA4/Audio/EVA/Processed/Soviet/VO_EVA_SU_NAVAL_UNIT_READY_02.wav,3.138,48000,24,-18.31,-1.92,PASS,
VO_EVA_SU_STEALTH_UNIT_DETECTED_04,Soviet,,04,,Content/RA4/Audio/EVA/Processed/Soviet/VO_EVA_SU_STEALTH_UNIT_DETECTED_04.wav,3.361,48000,24,-18.17,-1.92,PASS,
VO_EVA_SU_NAVAL_UNIT_READY_01,Soviet,,01,,Content/RA4/Audio/EVA/Processed/Soviet/VO_EVA_SU_NAVAL_UNIT_READY_01.wav,2.997,48000,24,-18.28,-1.92,PASS,
VO_EVA_SU_FACTION_RESOURCE_MAX_01,Soviet,,01,,Content/RA4/Audio/EVA/Processed/Soviet/VO_EVA_SU_FACTION_RESOURCE_MAX_01.wav,4.324,48000,24,-18.24,-1.92,PASS,
VO_EVA_SU_STEALTH_UNIT_DETECTED_01,Soviet,,01,,Content/RA4/Audio/EVA/Processed/Soviet/VO_EVA_SU_STEALTH_UNIT_DETECTED_01.wav,3.145,48000,24,-18.24,-1.92,PASS,
VO_EVA_SU_POWER_LOW_02,Soviet,,02,,Content/RA4/Audio/EVA/Processed/Soviet/VO_EVA_SU_POWER_LOW_02.wav,4.797,48000,24,-18.22,-1.92,PASS,
VO_EVA_SU_NAVAL_UNIT_READY_04,Soviet,,04,,Content/RA4/Audio/EVA/Processed/Soviet/VO_EVA_SU_NAVAL_UNIT_READY_04.wav,2.842,48000,24,-18.27,-1.92,PASS,
VO_Soviet_EVA_ResourcesLow,Soviet,,ResourcesLow,,Content/RA4/Audio/EVA/Processed/Soviet/VO_Soviet_EVA_ResourcesLow.wav,4.612,48000,24,-18.26,-1.92,PASS,
VO_EVA_SU_STRUCTURE_SOLD_01,Soviet,,01,,Content/RA4/Audio/EVA/Processed/Soviet/VO_EVA_SU_STRUCTURE_SOLD_01.wav,3.331,48000,24,-18.29,-1.92,PASS,
VO_EVA_SU_BUILDING_UNDER_ATTACK_01,Soviet,,01,,Content/RA4/Audio/EVA/Processed/Soviet/VO_EVA_SU_BUILDING_UNDER_ATTACK_01.wav,2.945,48000,24,-18.28,-1.92,PASS,
VO_EVA_SU_POWER_LOW_03,Soviet,,03,,Content/RA4/Audio/EVA/Processed/Soviet/VO_EVA_SU_POWER_LOW_03.wav,4.575,48000,24,-18.24,-1.92,PASS,
VO_EVA_SU_STEALTH_UNIT_DETECTED_02,Soviet,,02,,Content/RA4/Audio/EVA/Processed/Soviet/VO_EVA_SU_STEALTH_UNIT_DETECTED_02.wav,2.597,48000,24,-18.26,-1.92,PASS,
VO_EVA_SU_POWER_LOW_01,Soviet,,01,,Content/RA4/Audio/EVA/Processed/Soviet/VO_EVA_SU_POWER_LOW_01.wav,4.153,48000,24,-18.27,-1.92,PASS,
VO_EVA_SU_BUILDING_UNDER_ATTACK_03,Soviet,,03,,Content/RA4/Audio/EVA/Processed/Soviet/VO_EVA_SU_BUILDING_UNDER_ATTACK_03.wav,3.464,48000,24,-18.25,-1.92,PASS,
VO_EVA_SU_STRUCTURE_SOLD_03,Soviet,,03,,Content/RA4/Audio/EVA/Processed/Soviet/VO_EVA_SU_STRUCTURE_SOLD_03.wav,1.634,48000,24,-18.38,-1.92,PASS,
VO_Soviet_EVA_PlayerDefeat,Soviet,,PlayerDefeat,,Content/RA4/Audio/EVA/Processed/Soviet/VO_Soviet_EVA_PlayerDefeat.wav,4.783,48000,24,-18.0,-1.65,PASS,
VO_EVA_SU_STRUCTURE_SOLD_02,Soviet,,02,,Content/RA4/Audio/EVA/Processed/Soviet/VO_EVA_SU_STRUCTURE_SOLD_02.wav,1.508,48000,24,-18.33,-1.92,PASS,
VO_EVA_SU_BUILDING_UNDER_ATTACK_02,Soviet,,02,,Content/RA4/Audio/EVA/Processed/Soviet/VO_EVA_SU_BUILDING_UNDER_ATTACK_02.wav,2.486,48000,24,-18.22,-1.92,PASS,
VO_EVA_SU_STEALTH_UNIT_DETECTED_03,Soviet,,03,,Content/RA4/Audio/EVA/Processed/Soviet/VO_EVA_SU_STEALTH_UNIT_DETECTED_03.wav,2.717,48000,24,-18.13,-1.92,PASS,
VO_EVA_SU_FACTION_ABILITY_ACTIVATED_02,Soviet,,02,,Content/RA4/Audio/EVA/Processed/Soviet/VO_EVA_SU_FACTION_ABILITY_ACTIVATED_02.wav,2.975,48000,24,-18.27,-1.92,PASS,
VO_EVA_SU_MATCH_START_01,Soviet,,01,,Content/RA4/Audio/EVA/Processed/Soviet/VO_EVA_SU_MATCH_START_01.wav,4.36,48000,24,-18.28,-1.92,PASS,
VO_Soviet_EVA_NuclearLaunchDetected,Soviet,,NuclearLaunchDetected,,Content/RA4/Audio/EVA/Processed/Soviet/VO_Soviet_EVA_NuclearLaunchDetected.wav,4.05,48000,24,-18.29,-1.92,PASS,
VO_EVA_SU_VEHICLE_READY_02,Soviet,,02,,Content/RA4/Audio/EVA/Processed/Soviet/VO_EVA_SU_VEHICLE_READY_02.wav,2.717,48000,24,-18.13,-1.92,PASS,
VO_EVA_SU_ENEMY_SUPERWEAPON_FIRED_01,Soviet,,01,,Content/RA4/Audio/EVA/Processed/Soviet/VO_EVA_SU_ENEMY_SUPERWEAPON_FIRED_01.wav,3.813,48000,24,-18.2,-1.92,PASS,
VO_EVA_SU_MATCH_VICTORY_01,Soviet,,01,,Content/RA4/Audio/EVA/Processed/Soviet/VO_EVA_SU_MATCH_VICTORY_01.wav,5.153,48000,24,-18.23,-1.92,PASS,
VO_EVA_SU_HARVESTER_UNDER_ATTACK_04,Soviet,,04,,Content/RA4/Audio/EVA/Processed/Soviet/VO_EVA_SU_HARVESTER_UNDER_ATTACK_04.wav,2.448,48000,24,-18.3,-1.92,PASS,
VO_EVA_SU_INFANTRY_READY_01,Soviet,,01,,Content/RA4/Audio/EVA/Processed/Soviet/VO_EVA_SU_INFANTRY_READY_01.wav,3.161,48000,24,-18.27,-1.92,PASS,
VO_EVA_SU_VEHICLE_READY_03,Soviet,,03,,Content/RA4/Audio/EVA/Processed/Soviet/VO_EVA_SU_VEHICLE_READY_03.wav,3.501,48000,24,-18.26,-1.92,PASS,
VO_EVA_SU_FACTION_ABILITY_ACTIVATED_03,Soviet,,03,,Content/RA4/Audio/EVA/Processed/Soviet/VO_EVA_SU_FACTION_ABILITY_ACTIVATED_03.wav,4.24,48000,24,-18.25,-1.92,PASS,
VO_EVA_SU_MATCH_START_02,Soviet,,02,,Content/RA4/Audio/EVA/Processed/Soviet/VO_EVA_SU_MATCH_START_02.wav,4.783,48000,24,-18.0,-1.64,PASS,
VO_EVA_SU_FACTION_ABILITY_ACTIVATED_01,Soviet,,01,,Content/RA4/Audio/EVA/Processed/Soviet/VO_EVA_SU_FACTION_ABILITY_ACTIVATED_01.wav,2.812,48000,24,-18.27,-1.92,PASS,
VO_EVA_SU_ENEMY_SUPERWEAPON_FIRED_02,Soviet,,02,,Content/RA4/Audio/EVA/Processed/Soviet/VO_EVA_SU_ENEMY_SUPERWEAPON_FIRED_02.wav,4.168,48000,24,-18.18,-1.92,PASS,
VO_EVA_SU_VEHICLE_READY_01,Soviet,,01,,Content/RA4/Audio/EVA/Processed/Soviet/VO_EVA_SU_VEHICLE_READY_01.wav,3.486,48000,24,-18.0,-1.18,PASS,
VO_EVA_SU_MATCH_VICTORY_02,Soviet,,02,,Content/RA4/Audio/EVA/Processed/Soviet/VO_EVA_SU_MATCH_VICTORY_02.wav,3.998,48000,24,-18.2,-1.92,PASS,
VO_EVA_SU_INFANTRY_READY_03,Soviet,,03,,Content/RA4/Audio/EVA/Processed/Soviet/VO_EVA_SU_INFANTRY_READY_03.wav,2.138,48000,24,-18.0,-1.48,PASS,
VO_EVA_SU_INFANTRY_READY_02,Soviet,,02,,Content/RA4/Audio/EVA/Processed/Soviet/VO_EVA_SU_INFANTRY_READY_02.wav,2.079,48000,24,-18.0,-1.12,PASS,
VO_EVA_SU_VEHICLE_READY_04,Soviet,,04,,Content/RA4/Audio/EVA/Processed/Soviet/VO_EVA_SU_VEHICLE_READY_04.wav,2.945,48000,24,-18.28,-1.92,PASS,
VO_EVA_SU_COMMAND_CENTER_DESTROYED_01,Soviet,,01,,Content/RA4/Audio/EVA/Processed/Soviet/VO_EVA_SU_COMMAND_CENTER_DESTROYED_01.wav,3.279,48000,24,-18.25,-1.92,PASS,
VO_EVA_SU_RADAR_OFFLINE_02,Soviet,,02,,Content/RA4/Audio/EVA/Processed/Soviet/VO_EVA_SU_RADAR_OFFLINE_02.wav,4.138,48000,24,-18.0,-1.6,PASS,
VO_EVA_SU_HARVESTER_UNDER_ATTACK_03,Soviet,,03,,Content/RA4/Audio/EVA/Processed/Soviet/VO_EVA_SU_HARVESTER_UNDER_ATTACK_03.wav,3.027,48000,24,-18.34,-1.92,PASS,
VO_EVA_SU_HARVESTER_UNDER_ATTACK_02,Soviet,,02,,Content/RA4/Audio/EVA/Processed/Soviet/VO_EVA_SU_HARVESTER_UNDER_ATTACK_02.wav,2.827,48000,24,-18.14,-1.92,PASS,
VO_EVA_SU_RADAR_OFFLINE_03,Soviet,,03,,Content/RA4/Audio/EVA/Processed/Soviet/VO_EVA_SU_RADAR_OFFLINE_03.wav,2.478,48000,24,-18.27,-1.92,PASS,
VO_EVA_SU_MATCH_DEFEAT_01,Soviet,,01,,Content/RA4/Audio/EVA/Processed/Soviet/VO_EVA_SU_MATCH_DEFEAT_01.wav,5.316,48000,24,-18.26,-1.92,PASS,
VO_EVA_SU_RESOURCES_DEPLETED_01,Soviet,,01,,Content/RA4/Audio/EVA/Processed/Soviet/VO_EVA_SU_RESOURCES_DEPLETED_01.wav,3.331,48000,24,-18.29,-1.92,PASS,
VO_EVA_SU_MOBILE_COMMAND_UNIT_DESTROYED_01,Soviet,,01,,Content/RA4/Audio/EVA/Processed/Soviet/VO_EVA_SU_MOBILE_COMMAND_UNIT_DESTROYED_01.wav,3.094,48000,24,-18.31,-1.92,PASS,
VO_EVA_SU_RESOURCES_DEPLETED_03,Soviet,,03,,Content/RA4/Audio/EVA/Processed/Soviet/VO_EVA_SU_RESOURCES_DEPLETED_03.wav,3.301,48000,24,-18.25,-1.92,PASS,
VO_EVA_SU_COMMAND_CENTER_DESTROYED_02,Soviet,,02,,Content/RA4/Audio/EVA/Processed/Soviet/VO_EVA_SU_COMMAND_CENTER_DESTROYED_02.wav,3.665,48000,24,-18.32,-1.92,PASS,
VO_EVA_SU_RADAR_OFFLINE_01,Soviet,,01,,Content/RA4/Audio/EVA/Processed/Soviet/VO_EVA_SU_RADAR_OFFLINE_01.wav,2.975,48000,24,-18.27,-1.92,PASS,
VO_EVA_SU_HARVESTER_UNDER_ATTACK_01,Soviet,,01,,Content/RA4/Audio/EVA/Processed/Soviet/VO_EVA_SU_HARVESTER_UNDER_ATTACK_01.wav,3.161,48000,24,-18.27,-1.92,PASS,
VO_EVA_SU_INFANTRY_READY_04,Soviet,,04,,Content/RA4/Audio/EVA/Processed/Soviet/VO_EVA_SU_INFANTRY_READY_04.wav,2.435,48000,24,-18.33,-1.92,PASS,
VO_EVA_SU_MATCH_DEFEAT_02,Soviet,,02,,Content/RA4/Audio/EVA/Processed/Soviet/VO_EVA_SU_MATCH_DEFEAT_02.wav,3.501,48000,24,-18.26,-1.92,PASS,
VO_EVA_SU_RESOURCES_DEPLETED_02,Soviet,,02,,Content/RA4/Audio/EVA/Processed/Soviet/VO_EVA_SU_RESOURCES_DEPLETED_02.wav,3.745,48000,24,-18.32,-1.92,PASS,
VO_EVA_SU_MOBILE_COMMAND_UNIT_DESTROYED_02,Soviet,,02,,Content/RA4/Audio/EVA/Processed/Soviet/VO_EVA_SU_MOBILE_COMMAND_UNIT_DESTROYED_02.wav,5.153,48000,24,-18.23,-1.92,PASS,
